ZIP,UNITS,_ - community_area,_ - community_area_number,_ - property_type,_ - property_name,_ - address,_ - phone_number,_ - management_company,_ - x_coordinate,_ - y_coordinate,_ - latitude,_ - longitude,_ - :@computed_region_awaf_s7ux,_ - :@computed_region_43wa_7qmu,_ - :@computed_region_vrxf_vc4k,_ - :@computed_region_6mkv_f3dw,_ - :@computed_region_bdys_3d7i,_ - location - latitude,_ - location - longitude,_ - location - human_address
60647,25,Avondale,21,Multifamily,Hairpin Lofts,3414 W. Diversey Ave.,773-292-6360,Leasing & Management Co. Inc.,1153078.89,1918447.998,41.93207259,-87.71287204,,,,,,,,
60605,23,Loop,32,ARO,1000M,1000 S. Michigan Ave.,312-820-1000,Willow Bridge,1177375.505,1895971.036,41.86987759,-87.6242687,,,,,,,,
60647,1,Logan Square,22,ARO,2556 Armtiage LLC,2556 W. Armitage Ave,773-252-0600,North Clybourn Group,1158751.315,1913231.215,41.91764283,-87.69216996,24,41,23,22535,294,41.917642826462,-87.6921699562562,"{""address"": """", ""city"": """", ""state"": """", ""zip"": """"}"
60616,134,Douglas,35,Multifamily,South Park Plaza,2600 S. King Dr.,312-674-9210,Woodlawn Comm. Dev. Corp.,1179206.472,1887158.196,41.84565291,-87.61781639,1,10,1,21194,191,41.8456529117633,-87.6178163910093,"{""address"": """", ""city"": """", ""state"": """", ""zip"": """"}"
60608,7,Near West Side,28,ARO,The Rosie,1461 S. Blue Island Ave.,872-259-7452,The FLATS,1168331.384,1892984.019,41.86188118,-87.65755844,8,26,29,14920,96,41.86188117554516,-87.65755843617394,"{""address"": """", ""city"": """", ""state"": """", ""zip"": """"}"
60640,5,Uptown,3,ARO,Platform 4611,4611 N. Broadway,312-264-2280,Platform 4611,1168036.159,1930840.623,41.96576829,-87.6575472,37,39,31,22616,241,41.96576829198519,-87.65754719663556,"{""address"": """", ""city"": """", ""state"": """", ""zip"": """"}"
60623,11,North Lawndale,29,Multifamily,Praise Apts.,1859 S. Pulaski Road,773-762-3389,Lawndale Christian Residential Svcs.,1150056.063,1890463.503,41.85533972,-87.72471008,36,14,30,21569,752,41.8553397217037,-87.7247100762886,"{""address"": """", ""city"": """", ""state"": """", ""zip"": """"}"
60615,97,Kenwood,39,Multifamily,Cottage View Terrace,4829 S. Cootage Grove Ave.,872-263-2362,UPA LLC,1182447.475,1873039.189,41.80683465,-87.60636083,1,10,5,21192,461,41.80683465328728,-87.6063608291085,"{""address"": """", ""city"": """", ""state"": """", ""zip"": """"}"
60608,68,Near West Side,28,Senior,Loomis Court,1314 W. 15th St.,312-850-4128,CHA,1167767.395,1892902.581,41.86166987,-87.65963108,48,26,29,14920,96,41.8616698672629,-87.6596310829808,"{""address"": """", ""city"": """", ""state"": """", ""zip"": """"}"
60657,8,Lake View,6,ARO,Low-Line Commons,3431 N Ashland Ave,773-739-8839,33 Realty,1165079.655,1922988.589,41.94428543,-87.66864155,38,25,57,4449,239,41.94428543256419,-87.668641546406,"{""address"": """", ""city"": """", ""state"": """", ""zip"": """"}"
60608,85,Bridgeport,60,Senior,Senior Suites of Bridgeport,2825 S. Halsted St.,312-326-0333,Senior Lifestyle Corp.,1171468.409,1886029.528,41.84272915,-87.64624727,26,48,58,14920,688,41.8427291511758,-87.6462472700624,"{""address"": """", ""city"": """", ""state"": """", ""zip"": """"}"
60657,173,Lake View,6,Senior,Britton Bud Apts.,501 W. Surf St.,773-388-8101,Habitat Company,1172519.373,1919370.307,41.93419517,-87.64140394,38,25,57,4449,102,41.934195165791614,-87.64140393808746,"{""address"": """", ""city"": """", ""state"": """", ""zip"": """"}"
60641,1,Avondale,21,ARO,The Avondale Residences II,3153 N. Tripp Ave.,773-328-8038,Daniel Management Group,1147628.496,1920859.764,41.93879718,-87.73283956,7,17,22,22618,464,41.93879718099848,-87.7328395635794,"{""address"": """", ""city"": """", ""state"": """", ""zip"": """"}"
60657,2,Lake View,6,ARO,3220 Lincoln,3220 N. Lincoln Ave.,312-214-3563,3220 Lincoln LLC,1164928.833,1921523.945,41.94026958,-87.66923761,16,18,57,4449,742,41.9402695807229,-87.6692376073269,"{""address"": """", ""city"": """", ""state"": """", ""zip"": """"}"
60615,85,Washington Park,40,People with Disabilities,Urbanite Apartments,5441 S. Michigan Ave.,773-285-3341,Assoc. of Chicago Day School,1178127.358,1868790.595,41.7952753,-87.62233438,12,9,7,21192,401,41.7952753030787,-87.6223343775137,"{""address"": """", ""city"": """", ""state"": """", ""zip"": """"}"
60639,48,Humboldt Park,23,Multifamily,Bloomingdale Apts.,1745 N. Keystone Ave.,773-276-2965,Village Green Management Co.,1149146.636,1911465.939,41.91299036,-87.72750391,27,49,24,22615,285,41.9129903622841,-87.727503905539,"{""address"": """", ""city"": """", ""state"": """", ""zip"": """"}"
60640,4,Uptown,3,ARO,The Synagogue,5029 N. Kenmore Ave.,872-259-7211,The FLATS,1168376.19,1933904.517,41.97416834,-87.65620794,37,16,31,22616,634,41.9741683436707,-87.6562079425006,"{""address"": """", ""city"": """", ""state"": """", ""zip"": """"}"
60637,17,Woodlawn,42,Senior,Butler Apts.,6146 S. Kenwood Ave.,773-955-9290,Woodlawn Comm. Dev. Corp.,1186094.259,1864312.843,41.78280346,-87.59326131,53,4,9,22260,426,41.782803460278,-87.5932613147048,"{""address"": """", ""city"": """", ""state"": """", ""zip"": """"}"
60612,6,Humboldt Park,23,Multifamily,Nelson Mandela Apts.,505 N. Troy St.,773-227-6332,Bickerdike Apts.,1155324.884,1903322.64,41.89052242,-87.70502546,41,46,24,21184,177,41.8905224213702,-87.7050254597132,"{""address"": """", ""city"": """", ""state"": """", ""zip"": """"}"
60625,56,Albany Park,14,Senior,Darul Amaan Senior Living,4814-58 N. Kedzie Ave.,773-463-3004,East Lake Management & Development Corp.,1154133.125,1931889.16,41.96893506,-87.70863783,28,20,14,21849,750,41.9689350644141,-87.7086378257316,"{""address"": """", ""city"": """", ""state"": """", ""zip"": """"}"
60622,61,West Town,24,Multifamily,Paseo Boricua Apts.,1154 N. Campbell St.,312-602-6500,Hispanic Housing Dev. Corp.,1159482.293,1907856.105,41.90287808,-87.68963252,10,49,25,21560,542,41.9028780789855,-87.6896325218596,"{""address"": """", ""city"": """", ""state"": """", ""zip"": """"}"
60619,72,Chatham,44,Supportive Housing,Karibuni Place,8200 S. Ellis Ave.,773-873-0708,Heartland Housing,1184284.153,1850796.894,41.74575696,-87.60031991,9,35,40,21546,141,41.7457569580527,-87.6003199106909,"{""address"": """", ""city"": """", ""state"": """", ""zip"": """"}"
60653,24,Grand Boulevard,38,Senior,Park Boulevard Tower/Grand Renaissance Apts.,4257 S. King Dr.,773-268-4642,"East Lake Management Group, Inc.",1179612.436,1876628.605,41.81674964,-87.61664895,12,9,4,4301,163,41.8167496438949,-87.6166489474972,"{""address"": """", ""city"": """", ""state"": """", ""zip"": """"}"
60624,108,East Garfield Park,27,Multifamily,Homan Square Apartments Phase IV,908 S. Central Park Ave.,773-722-7320,Realty & Mortgage Co.,1152480.61,1895702.738,41.86966928,-87.71567245,36,14,30,21572,98,41.8696692769002,-87.7156724505967,"{""address"": """", ""city"": """", ""state"": """", ""zip"": """"}"
60657,52,Lake View,6,Senior,Renaissance St. Luke Belmont,1501 W. Belmont Ave.,773-525-1501,"RRG Development, Inc.",1165713.523,1921292.762,41.93961849,-87.66636023,16,40,57,4449,712,41.93961848643664,-87.6663602297043,"{""address"": """", ""city"": """", ""state"": """", ""zip"": """"}"
60637,27,Washington Park,40,Multifamily,St. Edmund's Oasis,6100-24 S. Prairie Ave.,773-493-2411,St. Edmund's Redevelopment Corp.,1179047.074,1864591.098,41.78373056,-87.61908972,53,4,7,22260,404,41.7837305569286,-87.6190897249257,"{""address"": """", ""city"": """", ""state"": """", ""zip"": """"}"
60624,104,North Lawndale,29,Senior,Roosevelt Towers,3440 W. Roosevelt Road,773-265-6961,"East Lake Management Group, Inc.",1153440.124,1894532.775,41.86643977,-87.71218086,36,14,30,21572,98,41.8664397712922,-87.7121808603313,"{""address"": """", ""city"": """", ""state"": """", ""zip"": """"}"
60607,83,Near West Side,28,ARO,Arthur on Aberdeen,210 N. Aberdeen St.,312-872-1111,Willow Bridge,1169060.056,1901751.478,41.88592398,-87.65462913,,,,,,,,
60639,12,Avondale,21,ARO,The Field's Lofts,4000 W. Diversey Ave.,773-269-6066,33 Realty,1149206.496,1918356.569,41.93189772,-87.72710503,7,17,22,22615,464,41.9318977231462,-87.7271050304538,"{""address"": """", ""city"": """", ""state"": """", ""zip"": """"}"
60624,27,Humboldt Park,23,Multifamily,Rosa Parks Apts.,541 N. Homan Ave.,773-227-6332,Bickerdike Apts.,1153649.603,1903659.52,41.89148035,-87.71116895,41,46,24,21572,177,41.8914803509781,-87.7111689514043,"{""address"": """", ""city"": """", ""state"": """", ""zip"": """"}"
60653,81,Kenwood,39,Multifamily,Jazz on the Boulevard (scattered sites),4657 S. Drexel Blvd,312-660-1300,Heartland Housing,1183149.455,1874094.41,41.80971394,-87.60375337,1,10,5,4301,398,41.8097139385796,-87.6037533682576,"{""address"": """", ""city"": """", ""state"": """", ""zip"": """"}"
60647,10,Logan Square,22,ARO,Motif on Belden,2845 W. Belden Ave.,773-327-6617,33 Realty,1156843.581,1915231.888,41.92317175,-87.69912469,15,41,23,22535,322,41.9231717544125,-87.6991246890431,"{""address"": """", ""city"": """", ""state"": """", ""zip"": """"}"
60629,93,Chicago Lawn,66,Senior,Senior Suites of Marquette Village,7430 S. Rockwell St.,773-432-8420,Senior Lifestyle Corp.,1160293.922,1855122.446,41.75815411,-87.68810611,6,30,64,21867,333,41.7581541131331,-87.6881061074696,"{""address"": """", ""city"": """", ""state"": """", ""zip"": """"}"
60622,48,West Town,24,Supportive/Veterans,65th Infantry Boringueneers Apts.,1045 N. Sacramento Blvd.,773-772-4801,Hispanic Housing Dev. Corp.,1156229.026,1906960.648,41.90048723,-87.70160663,10,49,25,21560,301,41.9004872304807,-87.701606631524,"{""address"": """", ""city"": """", ""state"": """", ""zip"": """"}"
60608,7,North Lawndale,29,Multifamily,Park Douglas,1262-1300 S. Washtenaw Ave.,773-893-4800,Interstate Realty Management Co.,1158531.931,1893930.095,41.86468333,-87.69350477,11,23,30,14920,16,41.8646833344944,-87.6935047652592,"{""address"": """", ""city"": """", ""state"": """", ""zip"": """"}"
60616,96,Near South Side,33,Supportive Housing,The Studios,1801 S. Wabash St.,312-326-5200,East Lake Management Co.,1177086.698,1891564.72,41.85779292,-87.62546237,12,9,34,21194,374,41.857792921043,-87.6254623688353,"{""address"": """", ""city"": """", ""state"": """", ""zip"": """"}"
60808,5,North Lawndale,29,Multifamily,Park Douglas,2707 W. 12th St.,773-893-4800,Interstate Realty Management Co.,1158459.37,1894563.613,41.86642326,-87.69375381,11,23,30,14920,16,41.8664232575349,-87.6937538097267,"{""address"": """", ""city"": """", ""state"": """", ""zip"": """"}"
60640,7,Uptown,3,ARO,The Wilmore,4600 N. Kenmore Ave.,773-985-4384,The FLATS,1168366.031,1930722.653,41.96543743,-87.65633776,37,39,31,22616,241,41.96543743293176,-87.65633775847638,"{""address"": """", ""city"": """", ""state"": """", ""zip"": """"}"
60608,17,North Lawndale,29,Multifamily,Park Douglas,2642-44 W. 12 th Pl,773-893-4800,Interstate Realty Management Co.,1158736.897,1894328.04,41.86577114,-87.69274143,11,23,30,14920,16,41.8657711435233,-87.6927414310716,"{""address"": """", ""city"": """", ""state"": """", ""zip"": """"}"
60608,63,Lower West Side,31,Multifamily,Casa Puebla,2014 S. Racine Ave.,312-666-1323,The Resurrection Project,1168646.297,1890365.991,41.85469028,-87.65647821,8,26,33,14920,365,41.8546902787307,-87.6564782084317,"{""address"": """", ""city"": """", ""state"": """", ""zip"": """"}"
60623,8,South Lawndale,30,Multifamily,Casa Tabasco,3515-17 W. 23rd St.,312-248-8355,The Resurrection Project,1153205.149,1888451.562,41.84975688,-87.71320473,14,28,32,21569,755,41.8497568840392,-87.7132047259626,"{""address"": """", ""city"": """", ""state"": """", ""zip"": """"}"
60644,12,Austin,25,Multifamily,Rebecca Walker Complex,5565-71 W. Quincy Ave.,773-261-1550,Affordable Property Management Specialist,1139234.68,1898405.584,41.8773375,-87.76423685,52,7,26,22216,68,41.8773374950883,-87.7642368505251,"{""address"": """", ""city"": """", ""state"": """", ""zip"": """"}"
60647,30,Austin,22,Multifamily,Madison Renaissance Apts.,1816 N. St. Louis Ave.,773-227-1366,Related Management Co. LP,1152932.106,1911940.497,41.91421838,-87.71358429,10,41,23,22535,351,41.9142183770542,-87.7135842865605,"{""address"": """", ""city"": """", ""state"": """", ""zip"": """"}"
60617,134,Calumet Heights,48,Senior,Montclare Senior Residences of Calumet Heights,9401 S. Stony Island Ave.,312-267-4850,Pacific Management Inc.,1188530.765,1842933.538,41.72407879,-87.58501024,9,35,44,21202,492,41.7240787910774,-87.5850102376276,"{""address"": """", ""city"": """", ""state"": """", ""zip"": """"}"
60640,6,Uptown,3,Multifamily,Hazel Winthrop Apts.,4426 N. Magnolia Ave.,773-334-5003,Preservation Housing Management LLC,1167071.996,1929651.057,41.96252489,-87.66112652,37,39,31,22616,611,41.96252489219771,-87.66112652498248,"{""address"": """", ""city"": """", ""state"": """", ""zip"": """"}"
60608,10,North Lawndale,29,Multifamily,Park Douglas,1310-14 S. Washtenaw Ave.,773-893-4800,Interstate Realty Management Co.,1158535.345,1893803.561,41.86433604,-87.69349569,11,23,30,14920,16,41.8643360428425,-87.6934956949133,"{""address"": """", ""city"": """", ""state"": """", ""zip"": """"}"
60642,39,West Town,24,ARO,Avenir,730 N. Milwuakee Ave.,312-837.3920,Tandem Inc.,1169262.136,1905082.493,41.89506012,-87.65379018,41,46,25,22620,522,41.8950601208968,-87.6537901783628,"{""address"": """", ""city"": """", ""state"": """", ""zip"": """"}"
60613,2,Lake View,6,ARO,Patterson Green LLC,1118 W. Pattereson Ave.,312-462-4030,Silver Property Group,1167923.765,1924431.746,41.94818452,-87.65814611,38,25,57,21186,691,41.948184520219066,-87.65814610572426,"{""address"": """", ""city"": """", ""state"": """", ""zip"": """"}"
60647,35,Humboldt Park,23,Supportive/Males 18-24yrs.,Solid Ground Supportive Housing Program,3507 W. North Ave.,773-276-4900,"La Casa Norte, Inc.",1152641.115,1910367.063,41.9099065,-87.71469504,10,49,24,22535,422,41.9099064976123,-87.7146950393782,"{""address"": """", ""city"": """", ""state"": """", ""zip"": """"}"
60641,98,Portage Park,15,Senior,The Kilpatrick Renaissance,4655 W. Burteau Ave.,773-283-4655,The Renaissance Cos.,1144211.767,1927249.554,41.95639632,-87.74523589,20,50,15,22618,139,41.9563963215946,-87.7452358895033,"{""address"": """", ""city"": """", ""state"": """", ""zip"": """"}"
60620,80,Auburn Gresham,71,Senior HUD 202,St. Sabina Elder Village Apts.,1222 W. 79th St.,773-994-7850,Catholic Charities Housing Devp.,1169422.93,1852437.468,41.75059341,-87.65472675,17,31,70,21554,575,41.7505934139213,-87.6547267546359,"{""address"": """", ""city"": """", ""state"": """", ""zip"": """"}"
60607,59,Near West Side,28,ARO,The Venn,855 W. Madison St.,312-625-8500,John Buck Cos.,1170456.22,1900198.154,41.88163114,-87.6495476,41,46,29,14917,91,41.8816311368659,-87.6495475984714,"{""address"": """", ""city"": """", ""state"": """", ""zip"": """"}"
60614,54,Lincoln Park,7,ARO,The Apartments at Lincoln Common,2345 N. Lincoln Ave.,773-989-8000,Realty & Mortgage Co.,1170870.95,1915911.798,41.92474121,-87.64756347,51,34,68,21190,798,41.9247412087562,-87.6475634736031,"{""address"": """", ""city"": """", ""state"": """", ""zip"": """"}"
60612,92,Near West Side,28,Multifamily,Westhaven Park Phase IIA,2237 W. Maypole Ave.,312-455-0009,Interstate Realty Management Co.,1161390.347,1900920.966,41.88380799,-87.68281702,48,46,29,21184,37,41.8838079875001,-87.6828170157199,"{""address"": """", ""city"": """", ""state"": """", ""zip"": """"}"
60641,2,Portage Park,15,ARO,4812-15 W. Montrose Apts.,4812-15 W. Montrose Ave.,630-694-6968,@properties,1143429.525,1928858.395,41.96082581,-87.74807125,20,50,15,21869,259,41.9608258122531,-87.7480712546458,"{""address"": """", ""city"": """", ""state"": """", ""zip"": """"}"
60654,1,West Town,24,ARO,Seven 10 West,710 W. Grand Ave.,414-369-3511,Outlook Management,1171305.699,1903732.364,41.89131063,-87.64632446,41,46,25,4446,109,41.8913106255178,-87.646324463052,"{""address"": """", ""city"": """", ""state"": """", ""zip"": """"}"
60613,2,North Center,5,ARO,1911-21 W. Irving Park Rd.,1911-21 W. Irving Park Rd.,312-285-3749,Campell Street Asset Management Inc.,1162826.371,1926537.708,41.95407205,-87.67682369,13,18,46,21186,644,41.95407204874,-87.6768236930826,"{""address"": """", ""city"": """", ""state"": """", ""zip"": """"}"
60624,6,Humboldt Park,23,Multifamily,Rosa Parks Apts.,649 N. Sawyer Ave.,773-227-6332,Bickerdike Apts.,1154625.793,1904362.102,41.89338882,-87.70756503,41,46,24,21572,177,41.8933888222173,-87.7075650280001,"{""address"": """", ""city"": """", ""state"": """", ""zip"": """"}"
60609,80,Douglas,35,Multifamily,Park Boulevard IIA,3640 S. State St.,773-548-8792,"Urban Property Advisors, LLC",1176856.611,1880678.422,41.82792531,-87.62663572,12,9,1,14924,353,41.827925310886,-87.6266357171471,"{""address"": """", ""city"": """", ""state"": """", ""zip"": """"}"
60612,52,West Garfield Park,26,Supportive Housing,The Rebecca Johnson Apts.,2822 W. Jackson Blvd.,773-638-6393,Deborah's Place Ltd.,1157527.975,1898606.336,41.87753589,-87.69706305,48,46,28,21184,51,41.8775358857993,-87.6970630483414,"{""address"": """", ""city"": """", ""state"": """", ""zip"": """"}"
60624,6,Humboldt Park,23,Multifamily,Nelson Mandela Apts.,3224 W. Ohio St.,773-227-6332,Bickerdike Apts.,1154618.055,1903853.44,41.89199316,-87.70760707,41,46,24,21572,177,41.8919931604846,-87.7076070703225,"{""address"": """", ""city"": """", ""state"": """", ""zip"": """"}"
60610,32,Near North Side,8,ARO,920northwells,920 N. Wells St.,312-319-9200,Willow Bridge,1174510.063,1906800.417,41.89965852,-87.63446469,41,46,37,14926,148,41.8996585214079,-87.6344646909791,"{""address"": """", ""city"": """", ""state"": """", ""zip"": """"}"
60614,107,Grand Boulevard,38,Multifamily,Progressive Square,4752 S. Wabash Ave.,773-975-7234,CMHDC/Progressive NFP/Kass Management,1177483.246,1873312.722,41.80769903,-87.62455959,12,9,4,21192,448,41.8076990345395,-87.6245595888703,"{""address"": """", ""city"": """", ""state"": """", ""zip"": """"}"
60647,1,West Town,24,ARO,Bucktown Gateway,1667 N. Western Ave.,773-398-5785,Bucktown Gateway,1160139.57,1911270.612,41.91223419,-87.68712373,24,40,25,22535,298,41.9122341944022,-87.6871237293732,"{""address"": """", ""city"": """", ""state"": """", ""zip"": """"}"
60647,3,Humboldt Park,23,Multifamily,Tierra Linda Apts.,1757 N. Drake Ave.,773-276-5338,LUCHA,1152579.353,1911651.094,41.91343122,-87.71488792,10,49,24,22535,352,41.9134312154579,-87.7148879186767,"{""address"": """", ""city"": """", ""state"": """", ""zip"": """"}"
60618,14,Irving Park,16,Senior,Indepedence Apts.,4022 N. Elston Ave.,312-382-3251,Evergreen Real Estate Services LLC,1151092.758,1926461.28,41.95410087,-87.71996013,28,50,16,21538,364,41.9541008741757,-87.719960126363,"{""address"": """", ""city"": """", ""state"": """", ""zip"": """"}"
60619,102,Avalon Park,45,Senior,Montclare Senior Residences of Avalon Park,1200 E. 78th St.,773-933-9000,Pacific Management Inc.,1185587.742,1853564.459,41.75332086,-87.5954564,9,35,41,21546,133,41.75332086089,-87.5954564008654,"{""address"": """", ""city"": """", ""state"": """", ""zip"": """"}"
60647,6,Humboldt Park,23,Multifamily,Tierra Linda Apts.,1749-51 N. Drake Ave.,773-276-5338,LUCHA,1152581.854,1911572.616,41.91321582,-87.71488081,10,49,24,22535,352,41.9132158158413,-87.7148808096933,"{""address"": """", ""city"": """", ""state"": """", ""zip"": """"}"
60626,436,Rogers Park,1,Senior,Caroline Hedger Apts.,6400 N. Sheridan Road,773-743-7273,The CHA,1167087.151,1942658.705,41.99821792,-87.66069526,46,5,10,21853,48,41.99821792053241,-87.6606952555721,"{""address"": """", ""city"": """", ""state"": """", ""zip"": """"}"
60608,124,Near West Side,28,Multifamily,Newberry Park Apts.,1355 S. Blue Island Ave.,312-563-0099,AIMCO,1168817.278,1893757.841,41.8639941,-87.65575239,48,26,29,14920,760,41.8639940987888,-87.6557523872438,"{""address"": """", ""city"": """", ""state"": """", ""zip"": """"}"
60609,100,Fuller Park,37,Senior,Fellowship Manor,5041 S. Princeton Ave.,773-924-5980,"East Lake Management Group, Inc.",1175183.479,1871367.582,41.80241312,-87.63305258,12,9,3,14924,224,41.8024131184468,-87.6330525825815,"{""address"": """", ""city"": """", ""state"": """", ""zip"": """"}"
60612,90,East Garfield Park,27,Supportive Housing,Deborah's Place III,2822 W. Jackson Blvd.,773-638-6490,Deborah's Place,1157527.975,1898606.336,41.87753589,-87.69706305,48,46,28,21184,51,41.8775358857993,-87.6970630483414,"{""address"": """", ""city"": """", ""state"": """", ""zip"": """"}"
60615,100,Grand Boulevard,38,Multifamily,Williard Square Apts.,4907 S. St. Lawrence Ave.,773-536-0200,"Metroplex, Inc.",1181127.01,1872564.798,41.80556343,-87.61121843,1,10,4,21192,165,41.805563433030365,-87.61121843419868,"{""address"": """", ""city"": """", ""state"": """", ""zip"": """"}"
60657,5,Lake View,6,ARO,Low-Line Commons,3421 N. Ashland Ave,773-739-8839,33 Realty,1165082.52,1922885.515,41.94400253,-87.66863395,38,25,57,4449,239,41.94400253058712,-87.66863395172477,"{""address"": """", ""city"": """", ""state"": """", ""zip"": """"}"
60626,57,Rogers Park,1,Senior,Levy House,1221 W. Sherwin Ave.,773-508-1000,Preservation Housing Management LLC,1166287.128,1948743.442,42.01493175,-87.66346312,3,5,10,21853,357,42.01493175019485,-87.66346311838282,"{""address"": """", ""city"": """", ""state"": """", ""zip"": """"}"
60610,148,Near North Side,8,SRO,The Mark Twain,111 W. Division St.,312-913-7400,Realty & Mortgage Co.,1175171.338,1908308.392,41.90378167,-87.63199057,22,46,37,14926,310,41.9037816711229,-87.6319905715935,"{""address"": """", ""city"": """", ""state"": """", ""zip"": """"}"
60624,6,Humboldt Park,23,Multifamily,Rosa Parks Apts.,601 N. Drake Ave,773-227-6332,Bickerdike Apts.,1152648.978,1903805.805,41.89190162,-87.71483993,41,46,24,21572,584,41.8919016207191,-87.7148399289988,"{""address"": """", ""city"": """", ""state"": """", ""zip"": """"}"
60624,52,East Garfield Park,27,Multifamily,Homan Square Apartments Phase VI,3609 W. Arthington St.,773-722-7320,Realty & Mortgage Co.,1152417.178,1895758.869,41.86982456,-87.71590385,36,14,30,21572,98,41.8698245594426,-87.7159038458016,"{""address"": """", ""city"": """", ""state"": """", ""zip"": """"}"
60626,57,Rogers Park,1,Senior,James Sneider Apts.,7450 N. Rogers Ave.,773-743-3699,Hispanic Housing Dev. Corp.,1163640.709,1949531.171,42.01714971,-87.67317857,3,5,10,21853,489,42.0171497110557,-87.6731785733257,"{""address"": """", ""city"": """", ""state"": """", ""zip"": """"}"
60614,14,Lincoln Park,7,People with Disabilities,Halsted Apts.,2537 N. Halsted St.,773-716-3892,Anixter Center Housing Services,1170546.591,1917225.736,41.92835383,-87.64871676,51,34,68,21190,794,41.928353829716904,-87.64871675547464,"{""address"": """", ""city"": """", ""state"": """", ""zip"": """"}"
60608,29,North Lawndale,29,Multifamily,Park Douglas,1218-20 S. Washtenaw Ave.,773-893-4800,Interstate Realty Management Co.,1158519.57,1894367.8,41.8658847,-87.69353817,11,23,30,14920,16,41.8658846962216,-87.6935381672971,"{""address"": """", ""city"": """", ""state"": """", ""zip"": """"}"
60640,18,Uptown,3,Multifamily,Uptown Preservation Apts.,4431 N. Clifton Ave.,773-286-5400,Leasing & Management Co. Inc.,1167869.511,1929704.264,41.96265369,-87.65819285,37,39,31,22616,241,41.9626536880938,-87.6581928458592,"{""address"": """", ""city"": """", ""state"": """", ""zip"": """"}"
60607,89,Near West Side,28,Supportive,Harvest Commons,1519 W. Warren Blvd.,312-660-1354,Heartland Houisng Inc.,1165979.3,1900396.393,41.88227183,-87.66598098,41,46,29,14917,63,41.8822718276684,-87.6659809766924,"{""address"": """", ""city"": """", ""state"": """", ""zip"": """"}"
60707,1,Belmont Cragin,19,ARO,Galewood Flats,2114 N. Nashville Ave.,773-648-7855,Daniel Management Group,1132223.084,1913455.475,41.9187611,-87.78963176,,,,,,41.91876109734238,87.78963175945233,"{""address"": """", ""city"": """", ""state"": """", ""zip"": """"}"
60651,9,Humboldt Park,23,Multifamily,La Estancia,3248 W. Division St.,773-227-6332,Bickerdike Apts.,1154314.32,1907834.526,41.90292371,-87.7086161,10,49,24,4299,455,41.9029237079623,-87.708616099157,"{""address"": """", ""city"": """", ""state"": """", ""zip"": """"}"
60615,67,Grand Boulevard,38,Multifamily,Mayfair Apts.,4832 S. Vincennes Ave.,773-752-0382,TLC Management Co.,1180363.274,1872953.096,41.80664653,-87.61400757,12,9,4,21192,447,41.80664652807751,-87.61400757005497,"{""address"": """", ""city"": """", ""state"": """", ""zip"": """"}"
60644,39,Austin,25,Supportive Housing,Mayfield Apts.,148 N. Mayfield Ave.,312-660-1374,Heartland Housing Inc.,1137091.152,1900686.673,41.88363584,-87.77205264,52,7,26,22216,618,41.88363584043627,-87.77205264211287,"{""address"": """", ""city"": """", ""state"": """", ""zip"": """"}"
60608,4,North Lawndale,29,Multifamily,Park Douglas,2652 W. 12th Pl,773-893-4800,Interstate Realty Management Co.,1158622.398,1894325.458,41.8657664,-87.69316184,11,23,30,14920,16,41.8657664015576,-87.6931618351705,"{""address"": """", ""city"": """", ""state"": """", ""zip"": """"}"
60616,176,Near South Side,33,Multifamily,Hilliard Homes Phase II,2031 S. Clark St.,312-326-1455,Holsten Management Corp.,1175862.866,1890322.361,41.8544114,-87.62999188,12,9,34,21194,330,41.8544114000898,-87.6299918763962,"{""address"": """", ""city"": """", ""state"": """", ""zip"": """"}"
60630,73,Jefferson Park,11,Senior,Senior Suites of Jefferson Park,5400 N. Northwest Hwy.,773-775-7333,Senior Lifestyle Corp.,1136226.971,1935211.185,41.97839039,-87.77439957,20,50,11,21869,693,41.9783903918479,-87.7743995653441,"{""address"": """", ""city"": """", ""state"": """", ""zip"": """"}"
60647,3,Logan Square,22,Multfamily,Tierra Linda Apts.,1858 N. Spaulding Ave.,773-276-5338,LUCHA,1153800.449,1912395.375,41.91544934,-87.71038198,10,41,23,22535,387,41.9154493391046,-87.7103819818634,"{""address"": """", ""city"": """", ""state"": """", ""zip"": """"}"
60646,180,North Park,13,Senior,Edward M. Marx Apts.,5801 N. Pulaski Road,773-583-4182,Elderly Housing Devp. & Operations Corp.,1148723.501,1938044.237,41.98593151,-87.72836921,28,38,13,22532,747,41.9859315141827,-87.7283692100341,"{""address"": """", ""city"": """", ""state"": """", ""zip"": """"}"
60653,65,Grand Boulevard,38,Multifamily,Geneva Gables,4420-24 S. Michigan Ave.,773-924-7700,Tri-Mart Management Co.,1177858.686,1875634.197,41.81406086,-87.62311222,12,9,4,4301,393,41.8140608614135,-87.6231122243036,"{""address"": """", ""city"": """", ""state"": """", ""zip"": """"}"
60622,23,West Town,24,Multifamily,Borinquen Bella Apts.,"1414,1451 N. Washtenaw Ave.",773-276-5338,LUCHA,1158113.714,1909378.978,41.90708504,-87.69461792,10,41,25,21560,288,41.9070850396306,-87.6946179241723,"{""address"": """", ""city"": """", ""state"": """", ""zip"": """"}"
60659,2,West Ridge,2,ARO,"5822 North Western, LLC",5822 N. Western Ave.,773-572-2755,Chicago Apartment Finders,1159227.225,1938700.509,41.98752226,-87.68971871,46,24,20,4450,15,41.9875222634019,-87.6897187054826,"{""address"": """", ""city"": """", ""state"": """", ""zip"": """"}"
60647,30,West Town,24,Multifamily,North and Talman Family Apts.,2654 W. North Ave.,773-486-7410,Hispanic Housing Dev. Corp.,1158184.401,1910570.961,41.91035449,-87.69432564,24,41,25,22535,299,41.9103544922391,-87.6943256396865,"{""address"": """", ""city"": """", ""state"": """", ""zip"": """"}"
60625,2,Lincoln Square,4,ARO,The Westner,4618 N. Western Ave.,773-975-7234,Kass Management,1159495.407,1930676.176,41.96549759,-87.68895433,13,18,6,21849,666,41.9654975931691,-87.6889543312091,"{""address"": """", ""city"": """", ""state"": """", ""zip"": """"}"
60615,27,Hyde Park,41,ARO,Vue53,1330 E. 53rd St.,773-355-4972,Peak Campus,1185905.32,1870431.452,41.79959787,-87.59376104,1,10,8,21192,499,41.7995978693895,-87.5937610368807,"{""address"": """", ""city"": """", ""state"": """", ""zip"": """"}"
60637,6,Woodlawn,42,Multifamily,65th Street Apts.,817 E. 64th St.,773-684-2056,"Urban Property Advisors, LLC",1182886.226,1862714.794,41.77849343,-87.60507242,53,4,9,22260,347,41.7784934339328,-87.6050724236176,"{""address"": """", ""city"": """", ""state"": """", ""zip"": """"}"
60630,97,Albany Park,14,Senior,Mayfair Commons,4444 W. Lawrence Ave.,773-205-7862,"Metroplex, Inc.",1145674.754,1931569.979,41.96822423,-87.73974749,28,38,14,21869,751,41.9682242320605,-87.7397474865535,"{""address"": """", ""city"": """", ""state"": """", ""zip"": """"}"
60640,41,Uptown,3,Multifamily,Malden Arms Apts.,4727 N. Malden St.,773-334-2164,Mercy Housing,1166646.838,1931640.345,41.96799271,-87.66263241,37,39,31,22616,611,41.967992712996,-87.662632408711,"{""address"": """", ""city"": """", ""state"": """", ""zip"": """"}"
60625,2,Lincoln Square,4,ARO,2247 W. Lawrence Ave.,2247 W. Lawrence Ave.,312-266-1515,CA Urban Living,1160316.674,1931793.44,41.96854643,-87.68590367,13,18,6,21849,665,41.9685464338003,-87.6859036700814,"{""address"": """", ""city"": """", ""state"": """", ""zip"": """"}"
60653,24,Washington Park,40,Multifamily,St. Edmund's Manor,5947 S. Indiana Ave.,773-548-8924,St. Edmund's Manor Ltd.,1178662.056,1865432.916,41.78604936,-87.62047574,53,4,7,22260,164,41.786049356749,-87.6204757368767,"{""address"": """", ""city"": """", ""state"": """", ""zip"": """"}"
60636,71,West Englewood,67,Multifamily,Clara Temple Hampton Residence,1656 W. 63rd St.,773-778-2884,West Englewood Dev. Org.,1166121.345,1862956.686,41.77953039,-87.66652651,44,3,65,22257,276,41.7795303859505,-87.6665265091554,"{""address"": """", ""city"": """", ""state"": """", ""zip"": """"}"
60608,1,Lower West Side,31,ARO,Blue Island,1907 S. Blue Island Ave.,844-783-6887,Ventus Holdings LLC,1166927.96,1890745.516,41.85576873,-87.66277433,8,26,33,14920,365,41.8557687250324,-87.6627743294071,"{""address"": """", ""city"": """", ""state"": """", ""zip"": """"}"
60639,86,Belmont Cragin,19,Senior,Senior Suites of Belmont-Cragin,6045 W. Grand Ave.,773-237-1333,Senior Lifestyle Corp.,1135526.174,1914216.383,41.92079101,-87.77747755,52,44,19,22615,77,41.9207910104657,-87.7774775507649,"{""address"": """", ""city"": """", ""state"": """", ""zip"": """"}"
60612,48,North Lawndale,29,Multifamily,Dicksons Estates Apts.,1129 S. Sacramento Ave.,773-638-0386,Dickson Estates Apartments,1156574.009,1894894.51,41.86736961,-87.70066623,11,23,30,21184,35,41.8673696100651,-87.7006662254259,"{""address"": """", ""city"": """", ""state"": """", ""zip"": """"}"
60607,6,Near West Side,28,ARO,171 N. Aberdeen St.,171 N. Aberdeen St.,312-371-4527,Aberdeen East,1169147.739,1901468.29,41.88514499,-87.65431537,41,46,29,14917,63,41.8851449893521,-87.6543153671727,"{""address"": """", ""city"": """", ""state"": """", ""zip"": """"}"
60647,6,Humboldt Park,23,Multifamily,Tierra Linda Apts.,1649-51 N. Drake Ave.,773-276-5338,LUCHA,1152601.045,1910933.782,41.91146242,-87.71482723,10,49,24,22535,352,41.9114624187205,-87.7148272291204,"{""address"": """", ""city"": """", ""state"": """", ""zip"": """"}"
60657,7,Lake View,6,ARO,The Medallion,3121 N. Broadway,"224-470-6824, ext. 2",Cagan Management Group,1167546.298,1934240.17,41.97510735,-87.65924996,40,16,31,22616,634,41.975107346793216,-87.65924996027928,"{""address"": """", ""city"": """", ""state"": """", ""zip"": """"}"
60623,11,North Lawndale,29,Multifamily,Renaissance Place Apts.,3128 W. Douglas Blvd.,773-762-3389,Lawndale Christian Residential Svcs.,1155600.26,1893326.92,41.86308761,-87.70428319,36,14,30,21569,132,41.8630876114313,-87.7042831894435,"{""address"": """", ""city"": """", ""state"": """", ""zip"": """"}"
60612,115,Near West Side,28,Multifamily,Jackson Square West End,2425 W. Adams St.,312-492-6645,East Lake Management Co.,1160165.746,1898949.65,41.8784239,-87.68736835,48,46,29,21184,785,41.8784239004305,-87.6873683542788,"{""address"": """", ""city"": """", ""state"": """", ""zip"": """"}"
60613,13,Uptown,3,Senior,Wilson Yard Senior Apts.,1032 W. Montrose Ave,866-227-0438,Holsten Real Estate Dev. Corp.,1168438.959,1929421.65,41.96186585,-87.65610743,37,39,31,22616,241,41.9618658532981,-87.656107428372,"{""address"": """", ""city"": """", ""state"": """", ""zip"": """"}"
60608,72,Lower West Side,31,Multifamily,Casa Chiapas,1712 W. 17th St.,312-666-1323,The Resurrection Project,1165119.373,1891824.739,41.85876878,-87.66938208,8,26,33,14920,343,41.8587687803028,-87.6693820787239,"{""address"": """", ""city"": """", ""state"": """", ""zip"": """"}"
60628,10,Roseland,49,Inter-generational,Roseland Village Grand-Family Apts.,63 E. 104th St.,773-468-1901,Mercy Housing,1178767.713,1835996.433,41.70526978,-87.62098184,30,43,45,21861,236,41.7052697846438,-87.6209818376544,"{""address"": """", ""city"": """", ""state"": """", ""zip"": """"}"
60622,2,West Town,24,ARO,1038 N. Ashland,1038-40 N. Ashland Ave.,312-600-4501,Honore Properties,1165493.322,1907177.772,41.90089079,-87.66757227,24,41,25,21560,518,41.9008907948967,-87.6675722718045,"{""address"": """", ""city"": """", ""state"": """", ""zip"": """"}"
60612,62,Near West Side,28,Senior,McCrory Senior Apts.,1637-59 W. Washington Blvd.,312-243-3333,Leasing & Management Co. Inc.,1165323.057,1900716.695,41.88316474,-87.66838158,41,46,29,21184,90,41.8831647382271,-87.6683815808488,"{""address"": """", ""city"": """", ""state"": """", ""zip"": """"}"
60640,10,Uptown,3,Women's Supportive,Sarah's House,4836 N. Sheridan Road,773-751-7475,Sarah's Circle,1168716.801,1932469.91,41.97022435,-87.6549972,37,39,31,22616,634,41.970224345725285,-87.6549971996707,"{""address"": """", ""city"": """", ""state"": """", ""zip"": """"}"
60634,2,Portage Park,15,ARO,4015 Narragansett LLC,4015-23 N. Narragansett Ave.,847-653-6922,Zidan Management Group,1133012.825,1926100.104,41.95344562,-87.78643375,25,19,15,22254,131,41.9534456208497,-87.7864337467324,"{""address"": """", ""city"": """", ""state"": """", ""zip"": """"}"
60613,8,Lake View,6,ARO,Wrigleyville Lofts,949 W. Dakin St.,312-985-0121,Draper and Kramer,1169013.814,1926369.564,41.95347834,-87.65408289,38,39,57,21186,83,41.95347833510141,-87.65408288861626,"{""address"": """", ""city"": """", ""state"": """", ""zip"": """"}"
60608,17,North Lawndale,29,Multifamily,Park Doulglas,1345 S. Fairfield Ave.,773-893-4800,Interstate Realty Management Co.,1158291.047,1893459.955,41.86339815,-87.69440189,11,23,30,14920,16,41.8633981467105,-87.6944018944973,"{""address"": """", ""city"": """", ""state"": """", ""zip"": """"}"
60640,18,Uptown,3,Multifamily,Uptown Preservation Apts.,927 W. Wilson Ave.,773-286-5400,Leasing & Management Co. Inc.,1169143.773,1930693.074,41.96533937,-87.65347906,37,39,31,22616,20,41.9653393681499,-87.6534790570047,"{""address"": """", ""city"": """", ""state"": """", ""zip"": """"}"
60640,2,Uptown,3,ARO,Saxony Wilson,1630 W. Wilson Ave.,312-243-5353,Malet Realty,1164465.118,1930651.529,41.96532595,-87.67068252,13,18,31,22616,559,41.9653259479463,-87.6706825225852,"{""address"": """", ""city"": """", ""state"": """", ""zip"": """"}"
60643,82,Washington Heights,73,Senior,Senior Suites of Washington Heights,848 W. 103rd St.,773-233-1333,Senior Lifestyle Corp.,1172263.727,1836577.477,41.70700943,-87.64478166,45,22,72,22212,594,41.7070094273739,-87.6447816603137,"{""address"": """", ""city"": """", ""state"": """", ""zip"": """"}"
60623,29,South Lawndale,30,Multifamily,Casa Sor Juana,2700 S. Drake Ave.,312-850-1935,The Resurrection Project,1153098.302,1885797.728,41.84247656,-87.71366715,14,28,32,21569,312,41.8424765579916,-87.7136671490412,"{""address"": """", ""city"": """", ""state"": """", ""zip"": """"}"
60609,115,New City,61,Multifamily,Senior Suites of New City,4845 S. Western Blvd.,773-523-9333,Senior Lifestyle Co.,1161385.374,1872314.959,41.80531018,-87.68362994,29,3,59,14924,788,41.8053101772522,-87.6836299381718,"{""address"": """", ""city"": """", ""state"": """", ""zip"": """"}"
60608,1,North Lawndale,29,Multifamily,Park Douglas,1260 S. Fairfield Ave.,773-893-4800,Interstate Realty Management Co.,1158196.48,1893944.253,41.86472904,-87.69473582,11,23,30,14920,16,41.8647290397995,-87.6947358194861,"{""address"": """", ""city"": """", ""state"": """", ""zip"": """"}"
60612,12,Humboldt Park,23,Multifamily,Harold Washington Unity Coop,3120-38 W. Ohio St.,773-227-6332,Bickerdike Apts.,1155336.105,1903869.285,41.89202224,-87.70496955,41,46,24,21184,177,41.89202224051242,-87.70496954716313,"{""address"": """", ""city"": """", ""state"": """", ""zip"": """"}"
60615,10,Hyde Park,41,ARO,5432-44 S. Woodlawn,5432 S. Woodlawn Ave.,312-480-0933,Bickerdike Apts.,1185102.561,1869464.413,41.79696316,-87.59673531,1,33,8,21192,441,41.7969631559439,-87.5967353132738,"{""address"": """", ""city"": """", ""state"": """", ""zip"": """"}"
60622,6,West Town,24,ARO,Centrum Wicker Park,1664 W. Division St.,312-330-3210,Centrum Partners,1164833.069,1908092.562,41.90341508,-87.66997144,24,41,25,21560,481,41.9034150774464,-87.6699714414076,"{""address"": """", ""city"": """", ""state"": """", ""zip"": """"}"
60640,8,Uptown,3,ARO,Solverre,4600 N. Marine Dr.,312-601-4600,Willow Bridge,1170420.321,1930790.322,41.96557833,-87.64878266,,,,,,,,
60613,1,Lake View,6,ARO,927 W. Irving,927 W. Irving Park Rd.,773-665-0103,DLG Management,1169246.126,1926706.623,41.95439818,-87.65321906,37,39,57,21186,83,41.9543981834222,-87.6532190636427,"{""address"": """", ""city"": """", ""state"": """", ""zip"": """"}"
60621,102,Englewood,68,Senior,Montclare JoAnn Thompson Senior Residences,6332 S Green St.,312-267-4850,Pacific Management Inc.,1171685.363,1862689.261,41.77867633,-87.64613601,19,2,66,21559,436,41.77867633250194,-87.64613601414938,"{""address"": """", ""city"": """", ""state"": """", ""zip"": """"}"
60641,110,Belmont Cragin,19,Senior,Belmont Place Apts.,4645 W. Belmont Ave.,773-427-1400,Perlmark Realty Management,1144792.615,1920829.074,41.938767,-87.74326301,,,,,,41.93876700406477,87.7432630148762,"{""address"": """", ""city"": """", ""state"": """", ""zip"": """"}"
60612,50,Humboldt Park,23,Supportive/Veterans,Hope Manor Apts.,3053 W. Franklin Blvd.,773-475-6703,Volunteers of America Illinois,1155690.801,1903132.153,41.88999235,-87.70368677,41,46,24,21184,177,41.8899923467274,-87.7036867658502,"{""address"": """", ""city"": """", ""state"": """", ""zip"": """"}"
60637,67,Woodlawn,42,Multifamily,Dorchester Apts.,1410 E. 62nd St.,773-572-5500,The Thresholds,1186722.404,1864209.572,41.78250522,-87.59096164,53,4,9,22260,469,41.782505219358,-87.5909616432556,"{""address"": """", ""city"": """", ""state"": """", ""zip"": """"}"
60640,7,Uptown,3,ARO,Upshore Chapter,4555 N. Sheridan Road,312-229-6446,33 Realty,1168829.31,1930666.235,41.96527256,-87.65463604,37,39,31,22616,20,41.965272561138,-87.6546360379986,"{""address"": """", ""city"": """", ""state"": """", ""zip"": """"}"
60613,170,North Lawndale,29,Multifamily,Lawndale Restoration II Apts. (scattered sites),10 N. Hamlin Ave.,312-337-5339,Holsten Management Corp.,1151024.342,1899855.056,41.88109233,-87.72091009,11,23,27,21572,658,41.8810923305496,-87.7209100899284,"{""address"": """", ""city"": """", ""state"": """", ""zip"": """"}"
60640,83,Uptown,3,Multifamily,Sunnyside Kenmore Apts.,847-49 W. Sunnyside Ave.,773-769-3116,"Metroplex, Inc.",1169606.678,1930039.336,41.9635354,-87.65179619,37,39,31,22616,20,41.9635353994208,-87.651796190778,"{""address"": """", ""city"": """", ""state"": """", ""zip"": """"}"
60639,17,Belmont Cragin,19,Senior,Crystal Courts/Anixter Center,5038 W. Armitage Ave.,773-385-9080,Lester and Rosalie Anixter Center,1142340.781,1912865.659,41.91696054,-87.75247249,7,44,19,22615,306,41.9169605419799,-87.7524724893612,"{""address"": """", ""city"": """", ""state"": """", ""zip"": """"}"
60633,116,Hegewisch,55,Senior,Senior Suites of Hegewisch,13550 S. Avenue O,773-646-1333,Senior Lifestyle Corp.,1201038.059,1815487.733,41.64845741,-87.54012317,47,47,52,22250,787,41.648457411436,-87.5401231660406,"{""address"": """", ""city"": """", ""state"": """", ""zip"": """"}"
60625,3,Lincoln Square,4,ARO,The Convent,4927 N. Claremont Ave.,773.665.0103,DLG Management,1159838.051,1932783.705,41.97127368,-87.6876361,13,24,6,21849,54,41.971273678097695,-87.6876361045426,"{""address"": """", ""city"": """", ""state"": """", ""zip"": """"}"
60624,6,Humboldt Park,23,Multifamily,Nelson Mandela Apts.,3108 W. Franklin Blvd.,773-227-6332,Bickerdike Apts.,1155507.651,1903207.947,41.89020402,-87.70435734,41,46,24,21184,177,41.8902040169903,-87.7043573374365,"{""address"": """", ""city"": """", ""state"": """", ""zip"": """"}"
60634,3,Belmont Cragin,19,ARO,2917-39 N. Central,2917-39 N. Central Ave.,847-653-6922,Zitella Development,1138569.742,1918921.633,41.93364805,-87.7661803,7,17,19,22254,303,41.9336480471609,-87.7661803002324,"{""address"": """", ""city"": """", ""state"": """", ""zip"": """"}"
60628,59,Roseland,49,Senior,Roseland Place Senior Apts.,10426 S. Michigan Ave.,773-468-1901,Mercy Housing,1178843.134,1835756.142,41.70460868,-87.62071293,30,43,45,21861,236,41.70460868112854,-87.6207129341579,"{""address"": """", ""city"": """", ""state"": """", ""zip"": """"}"
60637,54,Washington Park,40,Multifamily,St. Edmund's Commons,110 E. 60th St.,773-420-3328,St. Edmund's Redevelopment Corp.,1178315.994,1865303.085,41.78570095,-87.6217485,53,4,7,22260,164,41.7857009548336,-87.6217485015409,"{""address"": """", ""city"": """", ""state"": """", ""zip"": """"}"
60617,29,South Chicago,46,Multifamily,Casa Kirk,3248 E. 92nd St.,773-734-2884,Interfaith Housing Corp.,1198941.103,1844604.277,41.72840878,-87.54682246,47,47,42,21202,510,41.7284087757332,-87.5468224570309,"{""address"": """", ""city"": """", ""state"": """", ""zip"": """"}"
60616,2,Douglas,35,ARO,Unity Hall,3138-40  S. Indiana Ave.,773-572-0880,Westward 360,1178081.304,1884060.021,41.83717695,-87.62203977,12,9,1,21194,25,41.8371769457261,-87.6220397684404,"{""address"": """", ""city"": """", ""state"": """", ""zip"": """"}"
60624,6,Humboldt Park,23,Multifamily,Nelson Mandela Apts.,3500 W. Ohio St.,773-227-6332,Bickerdike Apts.,1152924.343,1903817.949,41.89192949,-87.71382831,41,46,24,21572,584,41.8919294933613,-87.7138283058778,"{""address"": """", ""city"": """", ""state"": """", ""zip"": """"}"
60620,72,Auburn Gresham,71,Senior,Auburn Commons,1626 W. 87th St.,773-238-0850,"Urban Property Advisors, LLC",1166895.24,1847057.796,41.73588515,-87.66414272,6,13,70,21554,532,41.7358851522607,-87.6641427165593,"{""address"": """", ""city"": """", ""state"": """", ""zip"": """"}"
60623,26,North Lawndale,29,Multifamily,Lazarus Apartments,1859 S. Pulaski Ave.,773-762-3389,Lawndale Christian Residential Svcs.,1150056.063,1890463.503,41.85533972,-87.72471008,36,14,30,21569,752,41.8553397217037,-87.7247100762886,"{""address"": """", ""city"": """", ""state"": """", ""zip"": """"}"
60616,170,Near South Side,33,Multifamily,Hilliard Homes Phase I,2030 S. State St.,312-225-7610,Holsten Real Estate Dev. Corp.,1176604.642,1890373.503,41.85453503,-87.62726774,12,9,34,21194,330,41.8545350329649,-87.6272677388027,"{""address"": """", ""city"": """", ""state"": """", ""zip"": """"}"
60647,3,Logan Square,22,Multifamily,Zapata Apts.,1955 N. St. Louis Ave.,773-227-6332,Bickerdike Apartments,1152977.196,1913047.516,41.91725524,-87.71338923,15,49,23,22535,387,41.9172552391374,-87.7133892334538,"{""address"": """", ""city"": """", ""state"": """", ""zip"": """"}"
60622,4,West Town,24,ARO,Luxe on Chicago,1838 W. Chicago Ave.,312-581-9980,Fifield Co.,1163828.869,1905410.003,41.89607519,-87.67373584,24,41,25,21560,462,41.8960751867522,-87.6737358366883,"{""address"": """", ""city"": """", ""state"": """", ""zip"": """"}"
60620,56,Auburn Gresham,71,Multifamily,Stone Terrace,8440 S. Parnell Ave.,773-651-9234,East Lake Management & Development Corp.,1174067.016,1848682.074,41.74018636,-87.63781991,18,13,70,21554,529,41.7401863579865,-87.6378199127676,"{""address"": """", ""city"": """", ""state"": """", ""zip"": """"}"
60653,180,Grand Boulevard,38,Multifamily,Paul G. Stewart Phase III Tower,401 E. Bowen Ave.,312-924-2100,Paul G. Stewart Assoc.,1179658.647,1877532.342,41.81922851,-87.61645178,12,9,4,4301,625,41.8192285127139,-87.6164517752946,"{""address"": """", ""city"": """", ""state"": """", ""zip"": """"}"
60647,6,Logan Square,22,ARO,1957 N.Fairfield/2701 W. Armitage,1957 N. Fairfiled Ave.,773-772-8500,Wilmot Properties,1157757.47,1913119.953,41.91735785,-87.69582442,24,41,23,22535,180,41.9173578458663,-87.6958244220098,"{""address"": """", ""city"": """", ""state"": """", ""zip"": """"}"
60618,60,North Center,5,Senior,North Center Senior Apts.,2324 W. Irving Park Road,773-478-8900,"Metroplex, Inc.",1160064.901,1926543.181,41.95414467,-87.68697505,13,18,46,21538,623,41.9541446663226,-87.6869750498606,"{""address"": """", ""city"": """", ""state"": """", ""zip"": """"}"
60628,60,Roseland,50,Senior,Pullman Suites,15 E. 112th Place,773-840-3993,Triangle & Assoc.,1178428.442,1830343.03,41.68976374,-87.62239508,30,43,45,21861,253,41.6897637422461,-87.6223950848936,"{""address"": """", ""city"": """", ""state"": """", ""zip"": """"}"
60642,3,West Town,24,ARO,Westerly Apts.,740 N. Aberdeen St.,312-366-2965,Fifield Cos.,1168866.667,1905178.379,41.89533182,-87.65523984,41,46,25,22620,522,41.8953318242,-87.6552398396278,"{""address"": """", ""city"": """", ""state"": """", ""zip"": """"}"
60653,6,Oakland,36,Multifamily,Lakefront Phase II,4131 S. Lake Park Ave.,773-548-8795,"Urban Property Advisors, LLC",1184098.384,1877540.909,41.81914922,-87.60016504,1,10,2,4301,220,41.8191492210611,-87.6001650372999,"{""address"": """", ""city"": """", ""state"": """", ""zip"": """"}"
60612,8,Humboldt Park,23,Multifamily,Harold Washington Unity Coop,636-38 N. Albany Ave.,773-227-6332,Bickerdike Apts.,1155553.014,1904238.945,41.89303226,-87.70416298,41,46,24,21184,177,41.8930322620299,-87.70416297611808,"{""address"": """", ""city"": """", ""state"": """", ""zip"": """"}"
60640,22,Uptown,3,ARO,811 Uptown,811 W. Agatite Ave.,773-831-6098,RL Accelerated,1169980.753,1929712.369,41.96263002,-87.65043043,37,39,31,22616,20,41.9626300189614,-87.6504304289638,"{""address"": """", ""city"": """", ""state"": """", ""zip"": """"}"
60608,3,Lower West Side,31,Multifamily,Casa Colima,1427 W. Cullerton St.,312-666-1323,The Resurrection Project,1167051.022,1890476.213,41.8550271,-87.66233036,8,26,33,14920,365,41.8550270973189,-87.6623303609038,"{""address"": """", ""city"": """", ""state"": """", ""zip"": """"}"
60637,15,Woodlawn,42,Multifamily,65th Street Apts.,6400 S. Maryland Ave.,773-684-2056,"Urban Property Advisors, LLC",1182961.608,1862758.255,41.77861094,-87.60479472,53,4,9,22260,347,41.7786109443603,-87.6047947202511,"{""address"": """", ""city"": """", ""state"": """", ""zip"": """"}"
60637,64,Woodlawn,42,Multifamily,Renaissance Apts.,6200 S. University Ave.,773-752-9400,AIMCO,1184799.335,1864093.117,41.782231,-87.59801573,53,4,9,22260,427,41.7822309984892,-87.5980157269828,"{""address"": """", ""city"": """", ""state"": """", ""zip"": """"}"
60605,276,Near South Side,33,Senior,Senior Suites of Central Station,1400 S. Indiana Ave.,312-913-9333,Senior Lifestyle Corp.,1177842.094,1893842.68,41.86402666,-87.62262043,48,9,34,14913,374,41.864026664933,-87.6226204269935,"{""address"": """", ""city"": """", ""state"": """", ""zip"": """"}"
60616,151,Near South Side,33,Senior,Hilliard Homes Phase II,30 W. Cermak Road,312-326-1466,Holsten Management Corp.,1176346.441,1889816.861,41.85301339,-87.62823221,12,9,34,21194,330,41.8530133902049,-87.6282322110359,"{""address"": """", ""city"": """", ""state"": """", ""zip"": """"}"
60653,6,Oakland,36,Multifamily,Lakefront Phase II,1120 E. Bowen Ave.,773-548-8795,"Urban Property Advisors, LLC",1184352.47,1877438.04,41.81886099,-87.59923619,1,10,2,4301,220,41.8188609892833,-87.5992361922266,"{""address"": """", ""city"": """", ""state"": """", ""zip"": """"}"
60627,258,Riverdale,54,Multifamily,Eden Green Apts.,301 E. 132nd Pl,773-568-7033,Habitat Company,1180750.042,1817671.924,41.65493945,-87.61428283,30,43,51,4460,10,41.65493944937772,-87.61428282625099,"{""address"": """", ""city"": """", ""state"": """", ""zip"": """"}"
60707,5,Montclare,18,ARO,2931-57 N. Harlem LLC,2931-57 N. Harlem Ave.,872-256-8321,The Brixen,1127615.033,1918797.886,41.93350027,-87.80644193,39,7,18,4454,397,41.9335002731173,-87.8064419298412,"{""address"": """", ""city"": """", ""state"": """", ""zip"": """"}"
60612,76,Near West Side,28,Multifamily,City Gardens,320 S. Maplewood Ave.,844-842-2779,Interstate Realty Management Co.,1159392.507,1898418.37,41.87698195,-87.69022214,48,46,29,21184,785,41.8769819545732,-87.6902221443242,"{""address"": """", ""city"": """", ""state"": """", ""zip"": """"}"
60605,91,Near  South Side,33,Senior,The Park at Central Station,1251 S. Michigan Ave.,855-272-4356,Brookfield Properties,1177467.191,1894587.503,41.86607901,-87.62397407,48,9,34,14913,374,41.86607901435018,-87.62397407028845,"{""address"": """", ""city"": """", ""state"": """", ""zip"": """"}"
60624,152,East Garfield Park,27,Supportive Housing,East Park Apts.,3300 W. Maypole Ave.,773-826-3300,The Habitat Co.,1154287.339,1900828.13,41.88369802,-87.7089025,11,23,28,21572,176,41.8836980221101,-87.7089025001699,"{""address"": """", ""city"": """", ""state"": """", ""zip"": """"}"
60621,36,Englewood,68,Veterans,Hope Manor Village,5900-6100 S. Green/Peoria/Sangamon,312-564-2393,Volunteers of America Illinois,1171608.816,1865691.133,41.78691549,-87.64632871,19,2,66,21559,22,41.786915494505976,-87.64632871262232,"{""address"": """", ""city"": """", ""state"": """", ""zip"": """"}"
60631,84,Norwood Park,10,Senior,Senior Suites of Norwood Park,5700 N. Harlem Ave.,888-339-2315,Senior Lifestyle,1127328.815,1937441.873,41.98466628,-87.80707301,34,29,36,22243,733,41.9846662832426,-87.8070730078682,"{""address"": """", ""city"": """", ""state"": """", ""zip"": """"}"
60610,96,Near North Side,8,SRO/Supportive,Schiff Residences,1244 N. Clybourn Ave.,312-867-1442,Mercy Housing Management Group,1172776.621,1908546.231,41.9044877,-87.6407798,41,46,37,14926,309,41.90448770178859,-87.64077980359421,"{""address"": """", ""city"": """", ""state"": """", ""zip"": """"}"
60647,41,Logan Square,22,Senior,Renaissance West,2517 W. Fullerton Ave.,773-862-2500,Habitat Company,1159142.563,1915828.561,41.9247621,-87.69066098,24,41,23,22535,323,41.9247620984666,-87.6906609776664,"{""address"": """", ""city"": """", ""state"": """", ""zip"": """"}"
60626,119,Rogers Park,1,Senior,Wayne Senior Housing,6928 N. Wayne Ave.,773-274-0177,CIG Management,1165843.898,1946058.513,42.00757377,-87.66517114,3,5,10,21853,66,42.0075737709331,-87.6651711448293,"{""address"": """", ""city"": """", ""state"": """", ""zip"": """"}"
60612,143,East Garfield Park,27,Multifamily,Rockwell Gardens Phase IA & IIA,2653 W. Madison St.,312-492-6645,East Lake Management & Development Corp.,1158623.238,1899872.888,41.88098907,-87.69300683,48,46,28,21184,38,41.880989071675494,-87.69300683002724,"{""address"": """", ""city"": """", ""state"": """", ""zip"": """"}"
60640,16,Uptown,3,ARO,Somerset Place Apts.,5009 N. Sheridan Road,317-596-2168,Zidan Management Group,1168763.559,1933706.921,41.97361773,-87.65478924,40,16,31,22616,635,41.9736177253694,-87.6547892430962,"{""address"": """", ""city"": """", ""state"": """", ""zip"": """"}"
60657,97,Lake View,6,Senior Supportive Living,Renaissance St. Luke Greenview Place,1501 W. Melrose St.,773-525-1501,"RRG Development, Inc.",1165704.848,1921625.294,41.94053116,-87.66638261,38,25,57,4449,678,41.9405311557355,-87.6663826052792,"{""address"": """", ""city"": """", ""state"": """", ""zip"": """"}"
60613,4,North Center,5,ARO,The Henry,1819 W. Montrose Ave.,872-206-9635,The FLATS,1163245.359,1929209.633,41.96139512,-87.67520801,13,18,46,21186,622,41.9613951199669,-87.6752080062593,"{""address"": """", ""city"": """", ""state"": """", ""zip"": """"}"
60624,12,Humboldt Park,23,Multifamily,Rosa Parks Apts.,526 N. St. Louis Ave.,773-227-6332,Bickerdike Apts.,1152910.964,1903460.212,41.8909481,-87.71388693,41,46,24,21572,584,41.8909480951075,-87.7138869272678,"{""address"": """", ""city"": """", ""state"": """", ""zip"": """"}"
60638,85,Garfield Ridge,56,Senior,Midway Pointe Senior Living,5011 W. 47th St.,872-302-4010,Perlmark Realty Management LLC,1143675.613,1872964.362,41.80744124,-87.74856678,35,28,53,22268,605,41.8074412434739,-87.7485667790425,"{""address"": """", ""city"": """", ""state"": """", ""zip"": """"}"
60628,40,Roseland,49,Multifamily,Roseland Ridge Apts.,10513 S. Michigan Ave.,773-341-3158,NHS Redevelopment Corp.,1178893.699,1835198.534,41.70307738,-87.62054468,30,43,45,21861,236,41.7030773785091,-87.6205446770862,"{""address"": """", ""city"": """", ""state"": """", ""zip"": """"}"
60637,12,Woodlawn,42,Multifamily,Trianon Lofts,803 E. 61st St.,773-955-8668,Preservation Housing Management LLC,1182659.118,1864701.714,41.783951,-87.60584338,53,4,9,22260,470,41.7839509995196,-87.6058433793708,"{""address"": """", ""city"": """", ""state"": """", ""zip"": """"}"
60607,160,Near West Side,28,Mutifamily,Roosevelt Square Phase I & II,1346 W. Rolosevelt Road,312-948-0116,Related Management Co. LP,1167380.111,1894854.611,41.86703473,-87.66099661,48,23,29,14920,759,41.867034733075485,-87.66099661076092,"{""address"": """", ""city"": """", ""state"": """", ""zip"": """"}"
60624,6,Humboldt Park,23,Multifamily,Rosa Parks Apts.,521 N. St. Louis Ave.,773-227-6332,Bickerdike Apts.,1152991.429,1903446.155,41.89090793,-87.71359179,41,46,24,21572,584,41.8909079268645,-87.7135917922844,"{""address"": """", ""city"": """", ""state"": """", ""zip"": """"}"
60608,181,Near West Side,28,Senior,Roosevelt Place,1401 W. Roosevelt Road,312-733-2436,"East Lake Management Group, Inc.",1167191.396,1894769.797,41.86680605,-87.66169184,48,23,29,14920,96,41.8668060489591,-87.6616918421459,"{""address"": """", ""city"": """", ""state"": """", ""zip"": """"}"
60613,79,Lake View,6,Senior LGBTQ,Town Hall Apts.,3600 N. Halsted St.,773-472-6463,Heartland Houing Inc.,1170240.93,1924164.847,41.94740173,-87.64963658,38,25,57,21186,727,41.9474017349803,-87.6496365843957,"{""address"": """", ""city"": """", ""state"": """", ""zip"": """"}"
60623,32,North Lawndale,29,Supportive/HIV/AIDS,Phoenix House,1251 S. Sawyer Ave.,773-935-4663,"AIDSCare, Inc.",1154939.023,1893956.68,41.86482901,-87.70669366,36,14,30,21569,34,41.8648290105554,-87.706693663235,"{""address"": """", ""city"": """", ""state"": """", ""zip"": """"}"
60609,36,Douglas,35,Multifamily,Park Boulevard IIA,17 W. 36th St.,773-548-8792,"Urban Property Advisors, LLC",1176708.767,1881091.479,41.82906211,-87.62716568,12,9,1,14924,353,41.8290621082689,-87.62716567775,"{""address"": """", ""city"": """", ""state"": """", ""zip"": """"}"
60637,84,Woodlawn,42,Multifamily,Eddie Mae & Alex Johnson Apts.,6230 S. Dorchester Ave.,773-288-4202,Woodlawn East Community,1186573.262,1863816.865,41.78143113,-87.59152085,53,4,9,22260,426,41.781431130748,-87.5915208532369,"{""address"": """", ""city"": """", ""state"": """", ""zip"": """"}"
60636,12,West Englewood,67,Multifamily,New West Englewood Homes,2109 W. 63rd St.,773-434-4929,Interfaith Housing Corp.,1163331.993,1862802.809,41.77916703,-87.67675695,44,2,65,22257,282,41.7791670261036,-87.6767569483975,"{""address"": """", ""city"": """", ""state"": """", ""zip"": """"}"
60624,24,East Garfield Park,27,Multifamily/Artists,Switching Station Lofts,15 S. Homan Ave.,312-859-0577,Holsten Management Corp.,1153767.678,1899627.529,41.88041381,-87.71084273,11,23,28,21572,765,41.8804138114539,-87.7108427297598,"{""address"": """", ""city"": """", ""state"": """", ""zip"": """"}"
60640,3,Uptown,3,ARO,The Fifth,4453 N Hazel,773-404-9900,The Apartment Source,1169493.377,1929989.653,41.96340154,-87.65221421,37,39,31,22616,20,41.9634015395821,-87.6522142080034,"{""address"": """", ""city"": """", ""state"": """", ""zip"": """"}"
60608,29,North Lawndale,29,Multifamily,Park Douglas,1317-19 S. Fairfield Ave.,773-893-4800,Interstate Realty Management Co.,1158282.873,1893724.634,41.86412462,-87.69442467,11,23,30,14920,16,41.8641246191184,-87.694424669823,"{""address"": """", ""city"": """", ""state"": """", ""zip"": """"}"
60609,72,Douglas,35,Multifamily,Park Boulevard IIB,3700 S. Dearborn St.,773-548-8792,"Urban Property Advisors, LLC",1176529.6,1880409.309,41.82719422,-87.62784358,12,9,1,14924,353,41.82719421911,-87.6278435793213,"{""address"": """", ""city"": """", ""state"": """", ""zip"": """"}"
60618,5,North Center,5,ARO,HW,2405 W. Hutchinson St.,847-786-5663,KR Developments,1159529.243,1928114.259,41.95846686,-87.68890077,13,18,46,21538,624,41.9584668605244,-87.6889007679548,"{""address"": """", ""city"": """", ""state"": """", ""zip"": """"}"
60637,18,Woodlawn,42,Multifamily,65th Street Apts.,6522 S. Ingleside Ave.,773-684-2056,"Urban Property Advisors, LLC",1183642.029,1861850.344,41.77610371,-87.60232857,53,4,9,22260,347,41.7761037074244,-87.6023285745515,"{""address"": """", ""city"": """", ""state"": """", ""zip"": """"}"
60610,32,Near North Side,8,ARO,AMLI 808,808 N. Wells St.,312-279-0880,AMLI Realty Co.,1174546.412,1905796.728,41.89690353,-87.63436122,41,46,37,14926,652,41.8969035333416,-87.6343612178957,"{""address"": """", ""city"": """", ""state"": """", ""zip"": """"}"
60615,5,Grand Boulevard,38,Multifamily,Cornerstone Apts.,636 E. 50th St.,312-577-5555,The Community Builders Inc.,1181481.554,1872046.51,41.80413302,-87.60993412,1,10,4,21192,165,41.8041330240218,-87.6099341196123,"{""address"": """", ""city"": """", ""state"": """", ""zip"": """"}"
60653,155,Kenwood,39,Multifamily,Drexel Preservation,837 E. 47th St.,773-624-4901,The Habitat Co.,1182801.325,1873991.948,41.80944088,-87.60503342,1,10,5,21192,461,41.8094408764944,-87.6050334227459,"{""address"": """", ""city"": """", ""state"": """", ""zip"": """"}"
60624,36,East Garfield Park,27,Multifamily,Harvest Homes,3512-46 W. Fifth Ave.,312-216-5103,Realty & Mortgage Co.,1153024.162,1898153.842,41.87638462,-87.71361194,11,23,28,21572,783,41.87638462364,-87.7136119355645,"{""address"": """", ""city"": """", ""state"": """", ""zip"": """"}"
60607,29,Near West Side,28,Multifamily,Taylor Street Apts.,1342 W. Taylor St.,312-595-7400,Related Management,1167384.336,1895738.411,41.86945986,-87.66095569,8,23,29,14917,759,41.869459860474,-87.6609556887118,"{""address"": """", ""city"": """", ""state"": """", ""zip"": """"}"
60653,61,Oakland,36,Multifamily,Drexel Street Properties,848 E. 40th St.,312-842-5500,East Lake Management,1182895.852,1878499.666,41.82180819,-87.6045465,1,10,2,4301,220,41.82180819274104,-87.60454649932994,"{""address"": """", ""city"": """", ""state"": """", ""zip"": """"}"
60653,3,Oakland,36,Multifamily,Lakefront Phase II,4143 S. Lake Park Ave.,773-548-8795,"Urban Property Advisors, LLC",1184153.699,1877418.813,41.81881289,-87.59996595,1,10,2,4301,220,41.8188128855705,-87.5999659460719,"{""address"": """", ""city"": """", ""state"": """", ""zip"": """"}"
60653,118,Grand Boulevard,38,Multifamily,Legends South - Coleman Place,223 E. 41st St.,773-268-0202,Interstate Realty Management Co.,1178573.52,1877831.629,41.82007455,-87.6204233,12,9,4,4301,163,41.8200745540387,-87.6204232972122,"{""address"": """", ""city"": """", ""state"": """", ""zip"": """"}"
60707,7,Montclare,18,Senior,The Montclare Senior Residences,6650 W. Belden Ave.,773-237-3831,Pacific Management Inc.,1131547.932,1914379.416,41.92130822,-87.79209096,39,7,18,4454,136,41.9213082227541,-87.7920909580488,"{""address"": """", ""city"": """", ""state"": """", ""zip"": """"}"
60647,3,Logan Square,22,Multifamily,Tierra Linda Apts.,3572 W. Palmer St.,773-276-5338,LUCHA,1152116.497,1914427.113,41.921058,-87.71651501,10,12,23,22535,550,41.9210580042957,-87.7165150148412,"{""address"": """", ""city"": """", ""state"": """", ""zip"": """"}"
60637,55,Woodlawn,42,Multifamily,Woodlawn Station,6253 S. Cottage Grove Ave.,773-955-8668,Preservation Housing Management LLC,1182683.987,1863507.307,41.78067286,-87.60578926,53,4,9,22260,470,41.7806728614192,-87.605789255575,"{""address"": """", ""city"": """", ""state"": """", ""zip"": """"}"
60653,110,Grand Boulevard,38,Multifamily,Legends South - Mahalia Place,116 E. 43rd St.,773-285-9500,Interstate Realty Management Co.,1178081.875,1876584.156,41.81666256,-87.62226472,12,9,4,4301,163,41.8166625649533,-87.622264717481,"{""address"": """", ""city"": """", ""state"": """", ""zip"": """"}"
60632,30,Brighton Park,58,Multifamily,El Zócalo,3246 W. 47th St.,312-870-4747,H&J Real Estate Management,1155315.538,1873325.098,41.80820589,-87.70586474,49,8,55,22248,640,41.8082058904121,-87.7058647387343,"{""address"": """", ""city"": """", ""state"": """", ""zip"": """"}"
60615,122,Kenwood,29,Multifamily,Greenwood Park Apts.,4700 S. Greenwood Ave.,312-967-6075,Preservation Housing Management LLC,1184333.98,1874034.569,41.80952205,-87.59941065,1,10,5,21192,399,41.80952205256069,-87.59941064804501,"{""address"": """", ""city"": """", ""state"": """", ""zip"": """"}"
60640,160,Uptown,3,Multifamily,Uptown Preservation Apts.,900 W. Windsor Ave.,773-286-5400,Leasing & Management Co. Inc.,1169410.724,1930422.942,41.9645923,-87.65250544,37,39,31,22616,20,41.9645923008648,-87.6525054365529,"{""address"": """", ""city"": """", ""state"": """", ""zip"": """"}"
60610,90,Near North Side,8,SRO,The Marshall Apts.,1232 N. LaSalle Drive,877-969-2102,Interstate Realty Management Co.,1174865.866,1908692.107,41.90484145,-87.63310113,51,11,37,14926,290,41.904841451218275,-87.63310112695247,"{""address"": """", ""city"": """", ""state"": """", ""zip"": """"}"
60644,60,Austin,25,Senior,Mt. Vernon Manor,30 N. Waller Ave.,773-626-3298,Waller Street L.P.,1138118.684,1899770.53,41.88110332,-87.76830155,52,7,26,22216,618,41.88110332024519,-87.76830154714395,"{""address"": """", ""city"": """", ""state"": """", ""zip"": """"}"
60610,116,Near North Side,8,Multifamily,Parkside-I Rental,545 W. Division St.,312-944-8500,Holsten Management Corp.,1172154.289,1908220.998,41.90360901,-87.6430754,41,46,37,14926,148,41.9036090085436,-87.6430753953974,"{""address"": """", ""city"": """", ""state"": """", ""zip"": """"}"
60644,161,Austin,25,Multifamily,Congress Commons LLC,504 S. Laramie Ave.,773-287-1592,Congress Commons LLC,1141766.818,1897120.686,41.87376512,-87.7549712,52,7,26,22216,68,41.8737651210059,-87.7549712034404,"{""address"": """", ""city"": """", ""state"": """", ""zip"": """"}"
60647,20,West Town,24,ARO,Wicker Park Connection,1640 W. Division St.,312-330-3210,rmk Management,1165062.198,1908099.432,41.90342906,-87.66912961,24,41,25,21560,481,41.9034290632559,-87.6691296062709,"{""address"": """", ""city"": """", ""state"": """", ""zip"": """"}"
60644,60,Austin,25,Senior HUD 202,Elois McCoy Village Apts.,4650 W. Van Buren St.,773-626-5320,"Prairie Management & Development, Inc.",1145250.308,1897655.195,41.87516675,-87.74216784,36,14,26,22216,69,41.8751667549585,-87.7421678377562,"{""address"": """", ""city"": """", ""state"": """", ""zip"": """"}"
60620,60,Washington Heights,73,Senior,Brainerd Senior Center,8915 S. Loomis St.,773-429-1501,Realty & Mortgage Co.,1168602.534,1845525.798,41.73164453,-87.65793186,18,13,72,21554,195,41.7316445313381,-87.6579318552234,"{""address"": """", ""city"": """", ""state"": """", ""zip"": """"}"
60653,31,Washington Park,40,Multifamily,St. Edmund's Village,6253 S. Michigan Ave.,773-493-2411,St. Edmund's Village LP,1178307.697,1863372.599,41.78040369,-87.62183749,53,4,7,22260,404,41.7804036945444,-87.6218374891699,"{""address"": """", ""city"": """", ""state"": """", ""zip"": """"}"
60621,73,Englewood,68,Supportive/Veterans,Hope Manor II Apts.,6002 S. Halsted St.,773-874-3610,Voluinteers of America Illinois,1171959.565,1864993.894,41.78499449,-87.64506314,19,2,66,21559,22,41.7849944939049,-87.6450631448593,"{""address"": """", ""city"": """", ""state"": """", ""zip"": """"}"
60628,210,Pullman,50,Multifamily,Pullman Wheelworks,901 E. 104th St.,773-785-1300,Mercy Housing,1184202.937,1836150.183,41.70556659,-87.60107403,30,43,47,21861,254,41.7055665941817,-87.6010740303264,"{""address"": """", ""city"": """", ""state"": """", ""zip"": """"}"
60653,3,Oakland,36,Multifamily,Lakefront Phase II,1128 E. Bowen Ave.,773-548-8795,"Urban Property Advisors, LLC",1184422.552,1877469.629,41.81894603,-87.59897812,1,10,2,4301,220,41.818946027635,-87.5989781156333,"{""address"": """", ""city"": """", ""state"": """", ""zip"": """"}"
60640,6,Uptown,3,Multifamily,Hazel Winthrop Apts.,912 W. Montrose Ave.,773-334-5003,Preservation Housing Management LLC,1169310.725,1929445.614,41.96191266,-87.65290164,37,39,31,22616,20,41.96191266175898,-87.65290163994482,"{""address"": """", ""city"": """", ""state"": """", ""zip"": """"}"
60628,50,Roseland,49,Supportive Housing,Wentworth Commons,11045 S. Wentworth Ave.,773-568-7804,Mercy Housing Lakefront,1176951.402,1831516.016,41.69301591,-87.62776735,45,22,45,21861,524,41.6930159120977,-87.6277673462214,"{""address"": """", ""city"": """", ""state"": """", ""zip"": """"}"
60613,2,Lake View,6,ARO,Viridian on Sheridan,734 W. Sheridan Rd.,847-250-4900,rmk Management,1170305.662,1926158.031,41.95286969,-87.64934018,37,39,57,21186,690,41.9528696876172,-87.6493401793848,"{""address"": """", ""city"": """", ""state"": """", ""zip"": """"}"
60601,16,Loop,32,Multifamily,Randolph Tower City Apts. (studios only),188 W. Randolph St.,312-291-8679,Village Green Management Co.,1174747.572,1901307.252,41.88457966,-87.63375683,22,36,38,14309,92,41.8845796629736,-87.6337568335385,"{""address"": """", ""city"": """", ""state"": """", ""zip"": """"}"
60622,1,West Town,24,ARO,East Village Lofts,1100 N. Ashland Ave.,773-278-8078,Wicker Park Apartments Inc.,1165486.105,1907421.224,41.901559,-87.66759184,24,41,25,21560,518,41.9015589972665,-87.6675918419615,"{""address"": """", ""city"": """", ""state"": """", ""zip"": """"}"
60622,2,West Town,24,ARO,1938 W. North Ave.,1938 W. North Ave.,312-423-5508,Dream Town Realty,1163033.416,1910701.375,41.91061185,-87.67650857,16,11,25,21560,438,41.9106118451822,-87.6765085657742,"{""address"": """", ""city"": """", ""state"": """", ""zip"": """"}"
60618,80,Albany Park,14,Senior,Senior Suites of Ravenswood Manor,2800 W. Montrose Ave.,773-509-9333,Senior Lifestyle Corp.,1156898.514,1929148.461,41.96135865,-87.69854417,2,20,14,21538,258,41.9613586524698,-87.6985441743698,"{""address"": """", ""city"": """", ""state"": """", ""zip"": """"}"
60620,59,Auburn Gresham,71,Senior HUD 202,Naomi & Sylvester Smith Senior Living Ctr.,8031 S. Halsted St.,773-651-6400,"HSR Property Services, LLC",1172404.466,1851597.134,41.74822238,-87.6438257,18,13,70,21554,529,41.7482223776924,-87.643825698846,"{""address"": """", ""city"": """", ""state"": """", ""zip"": """"}"
60612,52,Near West Side,28,ARO,Atrio,1922 W. Ogden Ave.,833-365-8945,Marquette Management Inc.,1163617.903,1897486.317,41.87433639,-87.67473402,48,23,29,21184,90,41.8743363936548,-87.6747340163993,"{""address"": """", ""city"": """", ""state"": """", ""zip"": """"}"
60653,63,Grand Boulevard,38,Senior HUD 202,Margaret Ford Manor Independent Living,4500 S. Wabash Ave.,773-924-9171,"HSR Property Services, LLC",1177427.156,1875236.623,41.81297966,-87.62470713,12,9,4,4301,393,41.812979659555,-87.6247071273336,"{""address"": """", ""city"": """", ""state"": """", ""zip"": """"}"
60657,51,Lake View,6,Supportive,Buffet Place,3208 N. Shefield Ave.,312-572-5272,Thresholds,1169002.943,1921540.76,41.94022814,-87.65426349,38,25,57,4449,710,41.9402281367541,-87.6542634881766,"{""address"": """", ""city"": """", ""state"": """", ""zip"": """"}"
60640,1,Uptown,3,ARO,4420 N. Sheridan Apts.,4420 N. Sheridan Road,312-850-2620,Quest Chicago,1168764.798,1929620.837,41.96240536,-87.65490367,37,39,31,22616,241,41.9624053580997,-87.6549036656042,"{""address"": """", ""city"": """", ""state"": """", ""zip"": """"}"
60641,11,Portage Park,15,ARO,Clarendale Six Corners,4715 W. Irving Park Road,872-278-4179,Life Care Services,1143974.592,1926130.299,41.95332945,-87.74613601,25,50,15,22618,139,41.95332945388426,-87.74613600967054,"{""address"": """", ""city"": """", ""state"": """", ""zip"": """"}"
60608,10,Lower West Side,31,ARO,Woodwork Lofts,1414-48 W. 21st St.,312-576-7392,Stellar Performance Inc.,1167176.941,1890229.839,41.85434832,-87.66187526,8,26,33,14920,365,41.8543483215561,-87.6618752555649,"{""address"": """", ""city"": """", ""state"": """", ""zip"": """"}"
60617,23,South Chicago,46,Supportive Housing,Bettendorf Place SRO,8425 S. Saginaw Ave.,773-359-4902,Alexian Brothers Bonaventure House,1195337.919,1849509.651,41.74195912,-87.5598599,43,37,42,21202,226,41.7419591237961,-87.5598598952004,"{""address"": """", ""city"": """", ""state"": """", ""zip"": """"}"
60647,12,Logan Square,22,Multifamily,Zapata Apts.,3503 W. Armitage Ave,773-227-6332,Bickerdike Apartments,1152897.634,1913030.193,41.91720928,-87.71368201,10,49,23,22535,351,41.9172092810543,-87.7136820059935,"{""address"": """", ""city"": """", ""state"": """", ""zip"": """"}"
60640,6,Lincoln Square,4,ARO,SB 1900 W Lawrence Ave LLC,1900 W. Lawrence Ave.,217-253-2040,CA Urban Living,1162932.097,1931943.503,41.96890358,-87.67628265,13,18,6,22616,106,41.968903575201,-87.6762826511204,"{""address"": """", ""city"": """", ""state"": """", ""zip"": """"}"
60660,108,Edgewater,77,Multifamily,Winthrop Apts.,6214 N. Winthrop Ave.,773-477-7070,Hunter Properties,1167688.709,1941496.368,41.99501546,-87.65851604,40,16,76,4451,45,41.9950154575665,-87.6585160357341,"{""address"": """", ""city"": """", ""state"": """", ""zip"": """"}"
60649,136,South Shore,43,Multifamily,Jeffrey Towers Apts.,7020 S. Jeffrey Blvd.,872-777-4924,Interfaith Housing Corp.,1190721.263,1858722.629,41.76735295,-87.57647796,32,33,39,22538,381,41.7673529545676,-87.5764779584457,"{""address"": """", ""city"": """", ""state"": """", ""zip"": """"}"
60647,69,Humboldt Park,23,Supportive Housing,Humboldt Park Residences,1152 N. Christiana Ave.,773-276-5338,LUCHA,1153731.441,1907707.148,41.9025858,-87.71076053,10,49,24,4299,150,41.902585798904,-87.710760528276,"{""address"": """", ""city"": """", ""state"": """", ""zip"": """"}"
60640,4,Uptown,3,ARO,LALux Apts.,4747 N. Ashland Ave.,773-281-5252,Peak Properties,1164837.241,1931792.002,41.96844754,-87.66928182,13,18,31,22616,559,41.9684475448392,-87.6692818155949,"{""address"": """", ""city"": """", ""state"": """", ""zip"": """"}"
60610,111,Near North Side,8,Multifamily,Parkside of Old Town Phase IIA,544 W. Oak St.,312-640-6032,Holsten Real Estate Dev. Corp.,1172196.032,1907097.533,41.90052524,-87.64295528,41,46,37,14926,148,41.9005252379124,-87.6429552752714,"{""address"": """", ""city"": """", ""state"": """", ""zip"": """"}"
60609,12,Douglas,35,Mutifamily,Park Boulevard IIB,15 W. 37th St.,773-548-8792,"Urban Property Advisors, LLC",1176697.68,1880416.049,41.82720892,-87.62722672,12,9,1,14924,353,41.8272089226053,-87.62722672192,"{""address"": """", ""city"": """", ""state"": """", ""zip"": """"}"
60653,3,Oakland,36,Multifamily,Lakefront Phase II,1137 E. Bowen Ave.,773-548-8795,"Urban Property Advisors, LLC",1184548.967,1877442.503,41.81886863,-87.59851524,1,10,2,4301,220,41.8188686278145,-87.598515237893,"{""address"": """", ""city"": """", ""state"": """", ""zip"": """"}"
60645,3,West Ridge,2,ARO,Joy Plaza Residences,6411 N. Rockwell Ave.,224-534-9361,Devon NJ LLC,1157863.159,1942516.737,41.99802217,-87.69463113,42,27,20,4450,41,41.9980221692538,-87.6946311266723,"{""address"": """", ""city"": """", ""state"": """", ""zip"": """"}"
60609,12,Douglas,35,Multifamily,Park Boulevard IIB,3633 S. State St.,773-548-8792,"Urban Property Advisors, LLC",1176929.888,1880943.186,41.82865019,-87.62635888,12,9,1,14924,446,41.8286501893194,-87.6263588793837,"{""address"": """", ""city"": """", ""state"": """", ""zip"": """"}"
60646,63,North Park,13,Senior,J. Michael Fitzgerald Apts.,5801 N. Pulaski Road,773-588-1725,Elderly Housing Devp. & Operations Corp.,1148723.501,1938044.237,41.98593151,-87.72836921,28,38,13,22532,747,41.9859315141827,-87.7283692100341,"{""address"": """", ""city"": """", ""state"": """", ""zip"": """"}"
60614,25,Lincoln Park,7,ARO,The Ludlow,2032 N. Clybourn Ave.,312-261-8568,Peak Properties,1167515.097,1913524.179,41.90378958,-87.63982077,41,46,37,14926,309,41.9037895846684,-87.639820773757,"{""address"": """", ""city"": """", ""state"": """", ""zip"": """"}"
60608,55,Bridgeport,19,Senior,Archer Avenue Senior Residences,2928 S. Archer Ave.,773-376-2360,Preservation Housing Management LLC,1168114.67,1885548.333,41.84148167,-87.65856844,26,48,58,14920,723,41.84148167339779,-87.65856843550151,"{""address"": """", ""city"": """", ""state"": """", ""zip"": """"}"
60647,52,West Town,24,Multifamily,Boulevard Court Family Housing,1723-33 N. Humboldt Blvd.,773-486-7410,Hispanic Housing Dev. Corp.,1156239.113,1911419.569,41.91272269,-87.70144893,15,41,25,22535,300,41.9127226903358,-87.7014489336157,"{""address"": """", ""city"": """", ""state"": """", ""zip"": """"}"
60653,3,Oakland,36,Multifamily,Lakefront Phase II,1125 E. Bowen Ave.,773-548-8795,"Urban Property Advisors, LLC",1184432.115,1877384.382,41.81871188,-87.59894571,1,10,2,4301,220,41.8187118791618,-87.5989457091247,"{""address"": """", ""city"": """", ""state"": """", ""zip"": """"}"
60659,99,West Ridge,2,Senior,Lincoln Village Senior Apts.,6057 N. Lincoln Ave.,773-338-5900,Perlmark Realty Management,1153825.547,1940243.379,41.99186565,-87.70954508,42,27,20,4450,30,41.9918656495183,-87.7095450826125,"{""address"": """", ""city"": """", ""state"": """", ""zip"": """"}"
60612,90,North Lawndale,29,Veterans,Roosevelt Road Veterans Hsg.,2908 W. Roosevelt Road,773-435-8300,A Safe Haven Foundation,1157090.217,1894613.231,41.8665873,-87.69877877,11,23,30,21184,35,41.8665872953847,-87.6987787748764,"{""address"": """", ""city"": """", ""state"": """", ""zip"": """"}"
60707,78,Montclare,18,Senior Supportive Living,Victory Centre of Galewood,2370 N. Newcastle Ave.,773-917-8383,Pathway Senior Living,1130150.063,1915088.087,41.923277,-87.79721089,39,44,18,4454,136,41.92327700208769,-87.79721089340802,"{""address"": """", ""city"": """", ""state"": """", ""zip"": """"}"
60657,1,Lake View,6,ARO,SOBE Apts.,3208 N. Southport Ave.,773-680-8644,Newport Realty,1166360.814,1921458.364,41.94005906,-87.6639765,16,25,57,4449,678,41.9400590614586,-87.663976501825,"{""address"": """", ""city"": """", ""state"": """", ""zip"": """"}"
60622,102,West Town,24,Supportive Housing,Wicker Park Renaissance,1527-31 N. Wicker Park Ave.,773-278-8602,"RRG Development, Inc.",1162934.319,1910028.946,41.90876874,-87.67689152,24,41,25,21560,481,41.9087687358883,-87.6768915181969,"{""address"": """", ""city"": """", ""state"": """", ""zip"": """"}"
60653,148,Oakland,36,Senior,Oakwood Shores Terrace,3755 S. Cottage Grove Ave.,773-373-1300,"The Community Builders, Inc.",1181955.52,1880134.932,41.82631731,-87.60794545,1,10,2,4301,221,41.8263173139507,-87.6079454471381,"{""address"": """", ""city"": """", ""state"": """", ""zip"": """"}"
60646,137,North Park,13,Senior,North Park Village Apts.,5801 N. Pulaski Road,773-478-6890,Elderly Housing Devp. & Operations Corp.,1148723.501,1938044.237,41.98593151,-87.72836921,28,38,13,22532,747,41.9859315141827,-87.7283692100341,"{""address"": """", ""city"": """", ""state"": """", ""zip"": """"}"
60649,87,South Shore,43,Senior,Senior Suites of Rainbow Beach,2804 E. 77th Place,773-374-5333,Senior Lifestyle Corp.,1196631.912,1854159.484,41.7546866,-87.55496472,43,37,39,22538,421,41.7546866025245,-87.5549647164794,"{""address"": """", ""city"": """", ""state"": """", ""zip"": """"}"
60653,6,Oakland,36,Multifamily,Lakefront Phase II,4130 S. Oakenwald Ave.,773-548-8795,"Urban Property Advisors, LLC",1184448.129,1877628.139,41.81938039,-87.59887932,1,10,2,4301,220,41.8193803897797,-87.5988793227119,"{""address"": """", ""city"": """", ""state"": """", ""zip"": """"}"
60610,41,Near North Side,8,ARO,Atrium at Old Town Park,300 W. Hill St.,312-642-8707,Omni Group,1174106.104,1907721.573,41.90219524,-87.63592092,41,46,37,14926,148,41.9021952433121,-87.6359209163654,"{""address"": """", ""city"": """", ""state"": """", ""zip"": """"}"
60610,43,Near North Side,8,ARO,Onni Atrium Devp.,202 W. Hill St.,312-585-6776,Onni Group,1174473.401,1907730.638,41.90221192,-87.63457152,41,46,37,14926,148,41.9022119151994,-87.6345715220446,"{""address"": """", ""city"": """", ""state"": """", ""zip"": """"}"
60607,32,Near West Side,28,ARO,The Thompson,150 N. Ashland Ave.,872-264-5548,Marquette Management,1165681.401,1901327.164,41.88483229,-87.66704832,41,46,29,21184,579,41.884832286504235,-87.66704832148883,"{""address"": """", ""city"": """", ""state"": """", ""zip"": """"}"
60626,44,Rogers Park,1,Senior,Morse Senior Apts.,1528 W. Morse Ave.,312-602-6207,CIG Management,1165843.898,1946058.513,42.00757377,-87.66517114,3,5,10,21853,66,42.0075737709331,-87.6651711448293,"{""address"": """", ""city"": """", ""state"": """", ""zip"": """"}"
60621,167,Englewood,68,Supportive Housing,Rowan Trees Apts.,500 W. Englewood Ave.,773-572-5272,The Thresholds,1174002.16,1863521.643,41.78090936,-87.63761782,53,4,66,21559,166,41.7809093635647,-87.6376178170027,"{""address"": """", ""city"": """", ""state"": """", ""zip"": """"}"
60647,14,Logan Square,22,ARO,Noca Blu,2328-48 N. California Ave.,773-897-5221,Trilogy Residential Management,1157275.918,1915411.868,41.92365685,-87.69753123,15,41,23,22535,322,41.9236568472526,-87.697531225726,"{""address"": """", ""city"": """", ""state"": """", ""zip"": """"}"
60653,3,Oakland,36,Multifamily,Lakefront Phase II,4116 S. Oakenwald Ave.,773-548-8795,"Urban Property Advisors, LLC",1184335.357,1877697.183,41.8195725,-87.59929085,1,10,2,4301,220,41.8195724963981,-87.599290845931,"{""address"": """", ""city"": """", ""state"": """", ""zip"": """"}"
60609,10,New City,61,Multifamily,Casa Hidalgo,4600 S. Wood St.,312-248-8355,The Resurrection Project,1165081.4,1874156.261,41.81028546,-87.67002227,53,3,59,14924,706,41.8102854562714,-87.6700222696602,"{""address"": """", ""city"": """", ""state"": """", ""zip"": """"}"
60608,6,Lower West Side,31,Multifamily,Casa Guanajuato,1313 W. 19th St.,312-666-1323,The Resurrection Project,1167849.048,1890829.499,41.85597939,-87.65939108,8,26,33,14920,365,41.8559793926667,-87.6593910822171,"{""address"": """", ""city"": """", ""state"": """", ""zip"": """"}"
60607,3,Near West Side,28,ARO,1218 W Lexington St,1218 W. Lexington St.,312-600-4501,Honore Properties,1168300.729,1896799.341,41.87235139,-87.65756071,41,46,29,14917,91,41.8797620924696,-87.6589883360869,"{""address"": """", ""city"": """", ""state"": """", ""zip"": """"}"
60657,4,Lake View,6,ARO,The Bel,941 W. Belmont Ave.,773-327-4975,33 Realty,1169303.308,1921391.341,41.93981159,-87.65316391,38,25,57,4449,681,41.9398115920219,-87.6531639140428,"{""address"": """", ""city"": """", ""state"": """", ""zip"": """"}"
60647,41,Logan Square,22,Multifamily,Pennycuff Apts.,2031 N. Milwaukee Ave.,773-799-8924,Metropolitan Housing Dev. Corp.,1159484.845,1913450.552,41.91822962,-87.68946889,24,41,23,22535,323,41.9182296230738,-87.6894688873142,"{""address"": """", ""city"": """", ""state"": """", ""zip"": """"}"
60628,90,West Pullman,53,Supportive Housing,Hancock House,12045 S. Emerald Ave.,773-568-3000,Source Works Development,1173523.536,1824810.063,41.67469008,-87.64051484,45,22,50,21861,60,41.6746900778514,-87.6405148423398,"{""address"": """", ""city"": """", ""state"": """", ""zip"": """"}"
60615,21,Grand Boulevard,38,Multifamily,Cornerstone Apts.,4950 S. Langley Ave.,312-577-5555,The Community Builders Inc.,1181729.297,1872129.617,41.80435535,-87.60902296,1,10,4,21192,165,41.8043553511156,-87.6090229601074,"{""address"": """", ""city"": """", ""state"": """", ""zip"": """"}"
60608,5,North Lawndale,29,Multifamily,Park Douglas,2639 W. 12th Pl,773-893-4800,Interstate Realty Management Co.,1158801.298,1894249.272,41.86555368,-87.69250717,11,23,30,14920,16,41.86555367636,-87.6925071702978,"{""address"": """", ""city"": """", ""state"": """", ""zip"": """"}"
60653,97,Grand Boulevard,38,Senior,Bronzeville Senior Apts.,460 E. 41st St.,773-924-2100,Peoples Co-Op Management Service,1180219.199,1877957.214,41.82038154,-87.61438244,12,9,4,4301,625,41.8203815434508,-87.6143824353862,"{""address"": """", ""city"": """", ""state"": """", ""zip"": """"}"
60657,2,Lake View,6,ARO,Broadway Apts.,3120-22 N. Broadway,773-276-4266,The Inverbrass Funds LLC,1171668.171,1920857.17,41.93829399,-87.64448816,38,25,57,4449,682,41.9382939864091,-87.6444881624503,"{""address"": """", ""city"": """", ""state"": """", ""zip"": """"}"
60644,40,Austin,25,Multifamily,Rebecca Walker Complex,126 S. Central Ave.,773-261-1550,Affordable Property Management Specialist,1139038.208,1898825.974,41.87849467,-87.76494803,52,7,26,22216,67,41.8784946733449,-87.7649480304947,"{""address"": """", ""city"": """", ""state"": """", ""zip"": """"}"
60608,5,Lower West Side,31,Senior,Casa Maravilla,2021 S. Morgan St.,312-666-1323,The Resurrection Project,1170051.208,1890349.587,41.85461476,-87.65132209,8,26,33,14920,250,41.8546147585411,-87.651322092184,"{""address"": """", ""city"": """", ""state"": """", ""zip"": """"}"
60607,16,Near West Side,28,ARO,1050 Van Buren,1050 W. Van Buren St.,312-327-1101,Sage West Loop,1169278.088,1898384.787,41.8766808,-87.65392634,48,26,29,14917,91,41.876680801678525,-87.65392634483864,"{""address"": """", ""city"": """", ""state"": """", ""zip"": """"}"
60647,2,Logan Square,22,ARO,2400 Cortland,2404-14 W. Cortland St.,312-489-1600,Laramar Group,1159990.635,1912594.267,41.91586948,-87.68763427,24,41,23,22535,180,41.9158694795437,-87.687634267083,"{""address"": """", ""city"": """", ""state"": """", ""zip"": """"}"
60607,5,Near West Side,28,ARO,1125 Van Buren LLC,1125 W. Van Buren St.,312-262-6406,Tandem Property Management,1168864.113,1898292.938,41.87643774,-87.65544899,48,26,29,14917,87,41.8764377440362,-87.6554489851593,"{""address"": """", ""city"": """", ""state"": """", ""zip"": """"}"
60609,6,Douglas,35,Multifamily,Park Boulevard IIA,3604 S. State St.,773-548-8792,"Urban Property Advisors, LLC",1176845.915,1881076.382,41.82901759,-87.62666295,12,9,1,14924,353,41.8290175865266,-87.6266629487078,"{""address"": """", ""city"": """", ""state"": """", ""zip"": """"}"
60647,3,Logan Square,22,Multifamily,Tierra Linda Apts.,1802 N. Sawyer Ave.,773-276-5338,LUCHA,1154261.835,1911817.117,41.91385334,-87.70870236,10,41,23,22535,387,41.9138533401484,-87.7087023585048,"{""address"": """", ""city"": """", ""state"": """", ""zip"": """"}"
60647,80,Humboldt Park,23,Multifamily,Madres Unidas (scattered sites),3541 W. North Ave.,773-276-5338,LUCHA,1152271.525,1910359.241,41.90989234,-87.71605298,10,49,24,22535,422,41.9098923381712,-87.7160529794187,"{""address"": """", ""city"": """", ""state"": """", ""zip"": """"}"
60649,84,South Shore,43,Senior,Rainbow's End,7538 S. Kingston Ave.,773-768-5402,"Urban Property Advisors, LLC",1194467.28,1855300.561,41.75787127,-87.56285983,43,37,39,22538,245,41.757871272437,-87.5628598348934,"{""address"": """", ""city"": """", ""state"": """", ""zip"": """"}"
60637,25,Washington Park,40,People with Disabilities,"Brand New Beginnings, Inc.",5801 S. Michigan Ave.,773-955-5780,Harriet Tubman NFP,1178188.164,1178188.164,41.78915201,-87.62217908,53,4,7,22260,403,41.7891520073212,-87.6221790761558,"{""address"": """", ""city"": """", ""state"": """", ""zip"": """"}"
60644,84,Austin,25,Senior,Senior Suites of Austin,335 N. Menard Ave.,773-378-0333,Senior Lifestyle Corp.,1137686.377,1901819.131,41.88673275,-87.76983958,52,7,26,22216,618,41.8867327472372,-87.7698395846828,"{""address"": """", ""city"": """", ""state"": """", ""zip"": """"}"
60647,22,Logan Square,22,ARO,MiCA,2733 W. Belden Ave.,312-702-2519,2293NMA LLC,1157492.643,1915110.094,41.92282434,-87.69674313,24,41,23,22535,294,41.9228243439568,-87.696743126238,"{""address"": """", ""city"": """", ""state"": """", ""zip"": """"}"
60627,75,Riverdale,54,Senior,Concordia Apts.,13037 S. Daniel Dr.,773-995-5200,"DRE, Inc.",1180294.274,1818758.372,41.65793125,-87.6159174,30,43,51,4460,9,41.6579312533062,-87.6159174009456,"{""address"": """", ""city"": """", ""state"": """", ""zip"": """"}"
60622,12,Near North Side,8,Multfamily,Parkside of Old Town IIB,1151 N. Cleveland Ave.,312-944-8500,Holsten Real Estate Dev. Corp.,1172709.408,1907999.787,41.90298972,-87.64104289,41,46,37,14926,148,41.9029897210002,-87.6410428924515,"{""address"": """", ""city"": """", ""state"": """", ""zip"": """"}"
60605,7,Loop,32,ARO,Imprint Lofts,739 S. Clark St.,312-847-7179,Greystar,1175677.065,1896965.083,41.8868758,-87.62468519,22,36,38,14309,580,41.88687579539163,-87.62468518670747,"{""address"": """", ""city"": """", ""state"": """", ""zip"": """"}"
60624,32,North Lawndale,29,Supportive/Youth/Kinship Families,Sankofa House,4041 W. Roosevelt Road,773-257-8800,Interfaith Housing Corp.,1149479.823,1894358.781,41.86604003,-87.72672414,36,14,30,21572,761,41.8660400255621,-87.7267241436599,"{""address"": """", ""city"": """", ""state"": """", ""zip"": """"}"
60607,7,Near West Side,28,ARO,Milieu Apts.,205 S. Peoria St.,312-983-7152,White Oak Realty Partners,1170486.026,1899238.856,41.8789981,-87.64946622,48,26,29,14917,91,41.8789981048164,-87.6494662212002,"{""address"": """", ""city"": """", ""state"": """", ""zip"": """"}"
60628,42,West Pullman,53,Senior,All Saints Senior Residence,11701 S. State St.,312-655-7440,Catholic Charities Housing Devp.,1178389.496,1827364.136,41.6815901,-87.62262763,30,43,50,21861,229,41.6815900985845,-87.6226276337339,"{""address"": """", ""city"": """", ""state"": """", ""zip"": """"}"
60640,69,Uptown,3,Multifamily,850 Eastwood,850 W. Eastwood Ave.,773-275-6877,Mercy Housing,1169619.113,1931130.186,41.96652845,-87.65171856,37,39,31,22616,19,41.9665284532214,-87.6517185639434,"{""address"": """", ""city"": """", ""state"": """", ""zip"": """"}"
60647,5,West Town,24,ARO,Homer Townhomes,1623 N. Talman Ave.,773-975-7234,Kass Management,1158490.609,1910798.294,41.91097205,-87.69319452,24,41,25,22535,299,41.9109720465448,-87.6931945157287,"{""address"": """", ""city"": """", ""state"": """", ""zip"": """"}"
60653,116,Grand Boulevard,38,Multifamily,Hearts United I-The Langston (scattered sites),722-46 E. Bowen Ave.,773-924-2100,Bonheur Realty Services Corp.,1181829.598,1877677.36,41.81957647,-87.60848349,1,10,4,4301,583,41.8195764741456,-87.6084834879147,"{""address"": """", ""city"": """", ""state"": """", ""zip"": """"}"
60654,4,Near North Side,8,ARO,The Leo,741 N Wells,872-873-0741,Cagan Management Group,1174637.062,1905465.741,41.89599326,-87.63403819,22,11,37,4446,670,41.8959932601386,-87.6340381880058,"{""address"": """", ""city"": """", ""state"": """", ""zip"": """"}"
60612,42,North Lawndale,29,Multifamily,Dicksons Estates Apts.,1129 S. Sacramento Ave.,773-638-0386,Dickson Estates Apartments,1156574.009,1894894.51,41.86736961,-87.70066623,11,23,30,21184,35,41.8673696100651,-87.7006662254259,"{""address"": """", ""city"": """", ""state"": """", ""zip"": """"}"
60641,6,Portage Park,15,ARO,Six Corners Lofts,4714 W Irving Park,312-585-8512,RL Accelerated,1143972.738,1926210.278,41.95354896,-87.74614081,20,50,15,22618,139,41.9535489566804,-87.7461408109366,"{""address"": """", ""city"": """", ""state"": """", ""zip"": """"}"
60640,60,Uptown,3,Multifamily,Magnolia Court Apts.,4878 N. Magnolia Ave.,773-878-2186,"Park, Inc.",1167014.087,1932819.273,41.97121983,-87.66124806,37,18,31,22616,633,41.9712198343036,-87.6612480604762,"{""address"": """", ""city"": """", ""state"": """", ""zip"": """"}"
60624,6,Humboldt Park,23,Multifamily,Nelson Mandela Apts.,3118 W. Franklin Blvd.,773-227-6332,Bickerdike Apts.,1155403.532,1903205.531,41.89019948,-87.70473978,41,46,24,21184,177,41.8901994819175,-87.7047397753891,"{""address"": """", ""city"": """", ""state"": """", ""zip"": """"}"
60622,6,West Town,24,ARO,1237 N. Milwaukee Ave.Owner LLC,1241 N. Milwaukee Ave.,312-883-7331,CIM Group,1165423.812,1908434.931,41.904342,-87.66779176,24,41,25,21560,482,41.9043420043763,-87.6677917610079,"{""address"": """", ""city"": """", ""state"": """", ""zip"": """"}"
60615,8,Grand Boulevard,38,Multifamily,Cornerstone Apts.,611 E. 50th St.,312-577-5555,The Community Builders Inc.,1181237.493,1871959.196,41.80389906,-87.6108319,1,10,4,21192,165,41.8038990622584,-87.6108319018369,"{""address"": """", ""city"": """", ""state"": """", ""zip"": """"}"
60653,534,Oakland,36,Multifamily,"Oakwood Shrs 1A, 1B, 2A, 2B1 (scattered sites)",3859 S. Vincennes Ave.,773-373-1300,The Community Builders Inc.,1180730.096,1879250.693,41.8239192,-87.61246844,1,10,2,4301,582,41.8239192006736,-87.6124684434156,"{""address"": """", ""city"": """", ""state"": """", ""zip"": """"}"
60608,12,Lower West Side,31,Multifamily,Casa San Luis,1646-50 S. Throop St.,312-666-1323,The Resurrection Project,1167939.641,1891689.48,41.8583373,-87.65903377,8,26,33,14920,365,41.8583373045384,-87.6590337725469,"{""address"": """", ""city"": """", ""state"": """", ""zip"": """"}"
60637,33,Woodlawn,42,Multifamily,The Grant at Woodlawn Pk Phase II,6129 S. Cottage Grove Ave.,312-283-0030,Preservation Housing Management LLC,1182661.471,1864419.23,41.78317579,-87.60584352,53,4,9,22260,470,41.783175785112,-87.6058435155323,"{""address"": """", ""city"": """", ""state"": """", ""zip"": """"}"
60615,36,Hyde Park,41,Multifamily,Hyde Park Apts.,5330 S. Harper Ave.,773-955-2610,"DRE, Inc.",1187148.234,1870068.251,41.79857178,-87.58921454,1,33,8,21192,500,41.7985717840676,-87.5892145402274,"{""address"": """", ""city"": """", ""state"": """", ""zip"": """"}"
60637,53,Washington Park,40,Senior HUD 202,St. Edmund's Corners,5556 S. Michigan Ave.,773-667-7583,St. Edmund's Redevelopment Corp.,1178070.443,1867951.677,41.79297452,-87.62256852,53,4,7,22260,403,41.7929745218958,-87.6225685185263,"{""address"": """", ""city"": """", ""state"": """", ""zip"": """"}"
60615,2,Hyde Park,41,ARO,5228 S Blackstone,1424-28 E. 53rd St.,773-221-6998,5228 S Blacstone LLC,1186745.04,1870451.785,41.7996338,-87.59068096,1,10,8,21192,500,41.7996337978199,-87.5906809634112,"{""address"": """", ""city"": """", ""state"": """", ""zip"": """"}"
60636,89,West Englewood,67,Senior,Wheeler House,1450 W. 69th St.,773-494-2444,S W Management,1167632.786,1859022.548,41.76870231,-87.66109812,17,31,65,22257,284,41.768702314065365,-87.66109812190477,"{""address"": """", ""city"": """", ""state"": """", ""zip"": """"}"
60610,32,Near North Side,8,ARO,868northwells,868 N. Wells St.,312-896-4868,Willow Bridge,1174524.397,1906411.103,41.8985899,-87.63442369,41,46,37,14926,652,41.89858990433527,-87.634423692947,"{""address"": """", ""city"": """", ""state"": """", ""zip"": """"}"
60653,53,Grand Boulevard,38,Multifamily,Hearts United III-The Leontyne (scattered sites),4340-2 S. Champlain St.,773-924-2100,Bonheur Realty Services Corp.,1181273.656,1876588.698,41.81660195,-87.61055648,1,10,4,4301,161,41.8166019546134,-87.6105564793175,"{""address"": """", ""city"": """", ""state"": """", ""zip"": """"}"
60608,31,North Lawndale,29,Multifamily,Park Douglas,1224 S. Washtenaw Ave.,773-893-4800,Interstate Realty Management Co.,1158521.517,1894293.849,41.86568173,-87.69353304,11,23,30,14920,16,41.8656817278004,-87.6935330427604,"{""address"": """", ""city"": """", ""state"": """", ""zip"": """"}"
60647,1,Logan Square,22,ARO,The Western,1920 N. Milwaukee Ave.,312-883-7331,Golub Realty Services,1160209.209,1912752.486,41.91629912,-87.68682686,24,40,23,22535,373,41.9162991247465,-87.6868268599609,"{""address"": """", ""city"": """", ""state"": """", ""zip"": """"}"
60609,110,New City,61,Senior,West Haven Homes,850 W. Garfield Blvd.,773-536-3057,"Universal Management Service, Inc.",1171337.269,1868414.146,41.7943937,-87.64724467,53,4,59,14924,768,41.7943936951386,-87.6472446716785,"{""address"": """", ""city"": """", ""state"": """", ""zip"": """"}"
60641,70,Belmont Cragin,19,Senior,Cicero & George Elderly Apts.,4800 W. George St.,312-291-5420,Hispanic Housing Dev. Corp.,1143845.624,1918889.671,41.93346293,-87.74679225,7,17,19,22618,355,41.9334629305796,-87.7467922468114,"{""address"": """", ""city"": """", ""state"": """", ""zip"": """"}"
60608,4,North Lawndale,29,Multifamily,Park Douglas,1313-15 S. Fairfiled Ave.,773-893-4800,Interstate Realty Management Co.,1158281.777,1893762.463,41.86422845,-87.69442766,11,23,30,14920,16,41.8642284473937,-87.6944276610452,"{""address"": """", ""city"": """", ""state"": """", ""zip"": """"}"
60647,72,Humboldt Park,23,Senior,North & Pulaski Senior Housing,3939-59 W. North Ave.,773-687-0234,Hispanic Housing Dev. Corp.,1149678.042,1910302.339,41.90978701,-87.72558192,27,49,24,22535,454,41.9097870142627,-87.7255819184016,"{""address"": """", ""city"": """", ""state"": """", ""zip"": """"}"
60629,86,Chicago Lawn,66,Senior,Churchview Supportive Assisted Living,2626 W. 63rd St.,773-471-4444,Greater Southwest Dev. Corp.,1159807.028,1862817.69,41.77928099,-87.68967949,44,2,64,21867,111,41.779280990198,-87.689679486435,"{""address"": """", ""city"": """", ""state"": """", ""zip"": """"}"
60647,3,Logan Square,22,Multifamily,Tierra Linda Apts.,1808-10 N. Kedzie Ave.,773-276-5338,LUCHA,1154721.064,1911891.217,41.91404749,-87.70701324,10,41,23,22535,387,41.9140474872389,-87.7070132389676,"{""address"": """", ""city"": """", ""state"": """", ""zip"": """"}"
60642,112,Near North Side,8,Multifamily,North Town Village I & II,1311 N. Halsted St.,312-944-9488,Holsten Real Estate Dev. Corp.,1170813.062,1908876.862,41.90543825,-87.64798274,41,46,37,22620,108,41.9054382467375,-87.6479827434046,"{""address"": """", ""city"": """", ""state"": """", ""zip"": """"}"
60647,54,Logan Square,22,Multifamily,Lorington Apts.,3126 W.Palmer Blvd.,773-235-1004,Realty & Mortgage Co.,1154841.949,1914634.492,41.92157284,-87.70649546,15,40,23,22535,371,41.92157283868392,-87.706495460099,"{""address"": """", ""city"": """", ""state"": """", ""zip"": """"}"
60640,15,Lincoln Square,4,ARO,Ravenswood Terrace,1801-15 W. Argyle St.,833-362-0337,TLC Management Co. (chicagorentals.com),1163292.382,1933204.703,41.97235677,-87.67492225,13,18,6,22616,106,41.9723567700552,-87.6749222533142,"{""address"": """", ""city"": """", ""state"": """", ""zip"": """"}"
60651,4,Humboldt Park,23,ARO,3639wiowast,3639 W Iowa St.,360-999-2480,Nikola Kosoric,1151819.504,1905716.1857680932,41.89716026,-87.71783591,,,,,,,,
60609,12,Douglas,35,Multifamily,Park Boulevard IIB,10 W. 37th St.,773-548-8792,"Urban Property Advisors, LLC",1176772.49,1880503.014,41.82744587,-87.62694964,12,9,1,14924,353,41.8274458746058,-87.6269496359167,"{""address"": """", ""city"": """", ""state"": """", ""zip"": """"}"
60626,54,Rogers Park,1,Multifamily,Clark Estes Apts.,1763 W. Estes Ave.,773-293-7443,"Ross Financial Services, Inc.",1163231.887,1947395.327,42.01129755,-87.6747434,3,5,10,21853,49,42.011297553855016,-87.67474340393993,"{""address"": """", ""city"": """", ""state"": """", ""zip"": """"}"
60657,5,Lake View,6,ARO,Panorama,3300 N. Clark St.,773-269-6405,33 Management LLC,1169533.106,1922098.583,41.94174729,-87.65229869,38,25,57,4449,731,41.9417472878147,-87.6522986894853,"{""address"": """", ""city"": """", ""state"": """", ""zip"": """"}"
60608,4,Lower West Side,31,Multifamily,Casa Monterrey,967 W. 19th St.,312-666-1323,The Resurrection Project,1170202.356,1891062.313,41.85656724,-87.65074652,8,26,33,14920,250,41.8565672424017,-87.6507465232068,"{""address"": """", ""city"": """", ""state"": """", ""zip"": """"}"
60609,54,Douglas,35,Multifamily,Park Boulevard IB,3506 S. State St.,773-548-8792,"Urban Property Advisors, LLC",1176805.951,1881719.108,41.83078218,-87.62679018,12,9,1,14924,353,41.8307821805741,-87.6267901762196,"{""address"": """", ""city"": """", ""state"": """", ""zip"": """"}"
60608,45,Lower West Side,31,Multifamily,Casa Tabasco,2014 S. Racine Ave.,312-850-1935,The Resurrection Project,1168646.297,1890365.991,41.85469028,-87.65647821,8,26,33,14920,365,41.8546902787307,-87.6564782084317,"{""address"": """", ""city"": """", ""state"": """", ""zip"": """"}"
60617,112,South Chicago,46,Senior Supportive Living,Victory Center of South Chicago,3251 E. 92nd St.,773-449-2600,Pathway Senior Living,1199523.085,1844538.456,41.72821355,-87.54469279,47,47,42,21202,510,41.7282135463978,-87.5446927938825,"{""address"": """", ""city"": """", ""state"": """", ""zip"": """"}"
60640,12,Uptown,3,Multifamily,Hazel Winthrop Apts.,852-54 W. Sunnyside Ave./4509 N. Hazel St.,773-334-5003,Preservation Housing Management LLC,1169543.909,1930117.784,41.96375203,-87.65202468,37,39,31,22616,20,41.96375203399769,-87.65202467695009,"{""address"": """", ""city"": """", ""state"": """", ""zip"": """"}"
60616,151,Near South Side,33,Senior,Hilliard Homes Phase I,30 W. Cermak Road,312-326-1455,Holsten Real Estate Dev. Corp.,1176346.441,1889816.861,41.85301339,-87.62823221,12,9,34,21194,330,41.8530133902049,-87.6282322110359,"{""address"": """", ""city"": """", ""state"": """", ""zip"": """"}"
60624,42,East Garfield Park,27,Multifamily,Homan Square Apartments Phase V,3607 W. Polk St.,773-722-7320,Realty & Mortgage Co.,1152413.693,1896087.181,41.87072555,-87.71590797,36,14,28,21572,704,41.8707255522781,-87.7159079717015,"{""address"": """", ""city"": """", ""state"": """", ""zip"": """"}"
60647,100,Logan Square,22,Multifamily,Lucy Gonzalez Parsons Apts.,2614 N. Emmett St.,773-227-6332,Bickerdike Apts.,1154423.212,1917862.748,41.93043982,-87.70794751,15,12,23,22535,72,41.93043982134092,-87.7079475066222,"{""address"": """", ""city"": """", ""state"": """", ""zip"": """"}"
60642,2,West Town,24,ARO,1447 N. Superior Holding,1447 W. Superior St.,312.600.4501,Honore Properties,1166436.78,1905072.949,41.89509487,-87.6641672,41,46,25,22620,485,41.8950948696761,-87.664167197744,"{""address"": """", ""city"": """", ""state"": """", ""zip"": """"}"
60607,22,Near West Side,28,ARO,One Six Six,166 N. Aberdeen St.,773-673-7724,One Six Six Chicago,1169068.963,1901424.241,41.88502582,-87.65460592,41,46,29,14917,63,41.88502582436289,-87.65460592239103,"{""address"": """", ""city"": """", ""state"": """", ""zip"": """"}"
60653,120,Douglas,35,Senior,Pioneer Gardens Supportive Living,3800 S. King Dr.,773-420-4100,Pioneer Gardens Senior Housing,1179441.358,1879836.399,41.825556,-87.61717842,12,9,1,4301,222,41.8255559976103,-87.6171784180992,"{""address"": """", ""city"": """", ""state"": """", ""zip"": """"}"
60653,6,Oakland,36,Multifamily,Lakefront Phase II,1113 E. Bowen Ave.,773-548-8795,"Urban Property Advisors, LLC",1184313.13,1877335.236,41.81857981,-87.59938372,1,10,2,4301,220,41.818579809058,-87.5993837218511,"{""address"": """", ""city"": """", ""state"": """", ""zip"": """"}"
60637,65,Woodlawn,42,Senior,The Burnham at Woodlawn Park,6134 S. Cottage Grove Ave.,773-955-8668,Preservation Housing Management LLC,1182583.342,1864354.944,41.78300119,-87.60613195,53,4,9,22260,471,41.7830011908191,-87.6061319506967,"{""address"": """", ""city"": """", ""state"": """", ""zip"": """"}"
60626,54,Rogers Park,1,Inter-generational,Nathalie Salmon House,7320 N. Sheridan Road,773-921-3200,H.O.M.E.,1166011.629,1948540.312,42.01438027,-87.66448269,3,5,10,21853,357,42.01438027189406,-87.6644826893636,"{""address"": """", ""city"": """", ""state"": """", ""zip"": """"}"
60653,230,Washington Park,40,Multifamily,Michigan Plaza (St. Edmund's Plaza),5701 S. Michigan Ave.,773-548-8924,Michigan Plaza LP,1178170.371,1867225.804,41.79098039,-87.62222411,53,4,7,22260,403,41.7909803898446,-87.6222241137332,"{""address"": """", ""city"": """", ""state"": """", ""zip"": """"}"
60647,69,Humboldt Park,23,Senior,LUCHA Affordable Units,3541 W. North Ave.,312-276-5338,LUCHA,1152271.525,1910359.241,41.90989234,-87.71605298,10,49,24,22535,422,41.9098923381712,-87.7160529794187,"{""address"": """", ""city"": """", ""state"": """", ""zip"": """"}"
60645,14,West Ridge,2,Senior,Northtown Apts.,6800 N. Western Ave.,773-765-3090,Evergreen Real Estate Services LLC,1159043.161,1945096.219,42.00507612,-87.69021903,42,27,20,22528,42,42.0050761227234,-87.6902190302217,"{""address"": """", ""city"": """", ""state"": """", ""zip"": """"}"
60607,26,Near West Side,28,ARO,The Mason,180 N. Ada St.,312-809-0240,Marquette Management Inc.,1167351.641,1901500.005,41.88527083,-87.66091,41,46,29,14917,63,41.8852708263977,-87.6609099980396,"{""address"": """", ""city"": """", ""state"": """", ""zip"": """"}"
60637,14,Washington Park,40,Multifamily,St. Edmund's Oasis,6143-51 S. Indiana Ave.,773-493-2411,St. Edmund's Redevelopment Corp.,1178697.322,1864156.91,41.78254707,-87.62038523,53,4,7,22260,404,41.7825470680121,-87.6203852293449,"{""address"": """", ""city"": """", ""state"": """", ""zip"": """"}"
60649,18,South Shore,43,Multifamily,Highlands Tudor Manor,7018 S. Cregier Ave.,773-667-1940,Related Management Co. LP,1189376.954,1858721.452,41.76738208,-87.58140538,32,33,39,22538,381,41.7673820795833,-87.58140538023,"{""address"": """", ""city"": """", ""state"": """", ""zip"": """"}"
60647,16,West Town,24,ARO,Trailhead Apartments,1744 N Western Ave,872-315-3385,Cagan Management Group,1160047.497,1911706.0749469367,41.91343104,-87.68744994,24,41,25,22535,287,41.91343103973318,-87.68744993535813,"{""address"": """", ""city"": """", ""state"": """", ""zip"": """"}"
60622,52,Near North Side,8,Multifamily,Clybourn 1200,1200 N. Clybourn Ave.,312-477-7442,Interstate Realty Management Co.,1173039.746,1908293.946,41.90378958,-87.63982077,41,46,37,14926,309,41.9037895846684,-87.639820773757,"{""address"": """", ""city"": """", ""state"": """", ""zip"": """"}"
60637,56,Washington Park,40,Multifamily,Prairie Park Apts.,5610 S. Calumet Ave.,773-268-1960,"Leasing and Management Co., Inc.",1179402.842,1867825.622,41.79259828,-87.61768665,53,4,7,22260,402,41.79259828346719,-87.61768665157615,"{""address"": """", ""city"": """", ""state"": """", ""zip"": """"}"
60657,11,Lake View,6,ARO,Optima Lakeview,3460 N. Broadway,773-828-1700,Optima Real Estate,1171266.718,1923235.211,41.94482827,-87.64589349,38,25,57,4449,730,41.94482826560603,-87.64589348837235,"{""address"": """", ""city"": """", ""state"": """", ""zip"": """"}"
60640,35,Uptown,3,ARO,The Draper,5050 N. Broadway,871-259-7157,The FLATS,1167357.302,1933882.339,41.97412953,-87.6599553,37,18,31,22616,633,41.9741295261027,-87.6599553011627,"{""address"": """", ""city"": """", ""state"": """", ""zip"": """"}"
60640,137,Uptown,3,Multifamily,Leland Apts.,1207 W. Leland Ave.,312-660-1374,Heartland Houisng Inc.,1167373.041,1931314.7,41.9670835,-87.65997164,37,39,31,22616,611,41.96708350165128,-87.6599716369116,"{""address"": """", ""city"": """", ""state"": """", ""zip"": """"}"
60612,15,Humboldt Park,23,Multifamily,Harold Washington Unity Coop,619-27 N. Kedzie Ave.,773-227-6332,Bickerdike Apts.,1154967.75,1904040.977,41.89250077,-87.70631776,41,46,24,21184,177,41.89250077360275,-87.70631775512356,"{""address"": """", ""city"": """", ""state"": """", ""zip"": """"}"
60616,10,Near South Side,33,ARO,Aspire,2111 S Wabash,312-270-1160,Fernwood Property Management,1177122.368,1890143.367,41.85389182,-87.62537446,48,9,34,21194,374,41.8538918245058,-87.6253744575475,"{""address"": """", ""city"": """", ""state"": """", ""zip"": """"}"
60657,2,Lake View,6,ARO,621 W Belmont LLC,621 W. Belmont St.,312-725-2276,Kass Management,1171456.757,1921446.689,41.93991631,-87.64524776,38,25,57,4449,682,41.9399163094736,-87.6452477578847,"{""address"": """", ""city"": """", ""state"": """", ""zip"": """"}"
60639,98,Belmont Cragin,19,Senior,Diversey Manor,5525 W. Diversey Ave.,312-456-1840,"Resident Management Services, Inc.",1138952.214,1918027.352,41.93118709,-87.76479651,27,21,19,22615,79,41.93118709471326,-87.76479650741335,"{""address"": """", ""city"": """", ""state"": """", ""zip"": """"}"
60609,101,New City,61,Senior,New City Supportive Living,4707 S. Marshfield Ave.,773-376-1223,BMA Management Ltd.,1166174.275,1873464.518,41.80836402,-87.66603343,53,4,59,14924,740,41.8083640191309,-87.6660334349939,"{""address"": """", ""city"": """", ""state"": """", ""zip"": """"}"
60607,28,Near West Side,28,ARO,The Dylan,160 N. Morgan St.,872.328.0028,Sterling Bay,1169706.814,1901381.768,41.88489541,-87.65226488,41,46,29,14917,63,41.884895408116236,-87.65226488412628,"{""address"": """", ""city"": """", ""state"": """", ""zip"": """"}"
60637,32,South Shore,43,Artists & Families,Dorchester Art + Housing Collaborative,1450 E. 70th St.,773-324-2270,Leasing & Management Co. Inc.,1187273.42,1858913.338,41.76795883,-87.58910953,32,33,39,22260,416,41.767958834450795,-87.58910952643669,"{""address"": """", ""city"": """", ""state"": """", ""zip"": """"}"
60638,56,Garfield Ridge,56,Senior,Cicero Senior Lofts,4835 S. Cicero Ave.,773-424-6986,MVAH Partners,1145216.815,1871992.721,41.80474599,-87.74293848,35,8,53,22248,606,41.8047459933631,-87.7429384797351,"{""address"": """", ""city"": """", ""state"": """", ""zip"": """"}"
60611,3,Near North Side,8,ARO,Axis Apartments and Lofts,441 E Erie,773-649-0149,Group Fox,1179498.669,1904838.206,41.89416116,-87.61620201,22,36,37,21182,158,41.8941611550803,-87.6162020126837,"{""address"": """", ""city"": """", ""state"": """", ""zip"": """"}"
60647,100,Logan Square,22,Multifamily,Zapata Apts.,3230 W. Armitage Ave,773-227-6332,Bickerdike Apartments,1154370.985,1913144.88,41.91749465,-87.70826581,15,49,23,22535,321,41.9174946519018,-87.7082658078456,"{""address"": """", ""city"": """", ""state"": """", ""zip"": """"}"
60619,90,Chatham,44,Senior,Senior Suites of Chatham,8300 S. Cottage Grove Ave.,773-488-1333,Senior Lifestyle Corp.,1182964.716,1850099.444,41.74387382,-87.60517616,31,32,40,21546,140,41.7438738210116,-87.6051761605565,"{""address"": """", ""city"": """", ""state"": """", ""zip"": """"}"
60636,52,West Englewood,67,Multifamily,Clara's Village,2115 W. 63rd St,773-434-4929,Interfaith Housing Corp.,1163257.203,1862800.707,41.77916282,-87.6770312,44,2,65,22257,282,41.7791628235362,-87.67703119707,"{""address"": """", ""city"": """", ""state"": """", ""zip"": """"}"
60623,2,North Lawndale,29,Multifamily,Resurrection Homes,1910 S. Albany Ave.,312-248-8355,The Resurrection Project,1155952.715,1890430.854,41.8551334,-87.7030674,36,14,30,21569,132,41.8551333960945,-87.7030673956673,"{""address"": """", ""city"": """", ""state"": """", ""zip"": """"}"
60637,65,Washington Park,40,Multifamily,Harriett Tubman Apts.,5751-59 S. Michigan Ave.,773-752-9760,Brand New Beginnings Inc.,1178184.05,1866708.816,41.78956141,-87.62218963,53,4,7,22260,403,41.7895614136691,-87.6221896343024,"{""address"": """", ""city"": """", ""state"": """", ""zip"": """"}"
60622,24,West Town,24,Multifamily,Borinquen Bella Apts.,"1318,1456 N. Rockwell Ave.",773-276-5338,LUCHA,1158786.704,1908791.071,41.905458,-87.69216188,10,49,25,21560,543,41.9054579980481,-87.6921618816492,"{""address"": """", ""city"": """", ""state"": """", ""zip"": """"}"
60644,57,Austin,25,Supportive Housing,Menard Apartments,334 N. Menard Ave.,773-572-5272,The Thresholds,1137606.415,1901816.665,41.88672742,-87.77013329,52,7,26,22216,618,41.8867274206876,-87.7701332901046,"{""address"": """", ""city"": """", ""state"": """", ""zip"": """"}"
60612,96,Logan Square,22,Multifamily,Rev. Daniel Alvarez Apts.,2451-57 N. Sacramento Ave.,773-772-4063,Hispanic Housing Dev. Corp.,1155995.815,1916357.844,41.92627863,-87.70220924,15,41,23,22535,548,41.9262786289595,-87.7022092386702,"{""address"": """", ""city"": """", ""state"": """", ""zip"": """"}"
60608,52,Lower West Side,31,Multifamily,Casa Guerrero,963 W Cullerton St.,312-666-1323,The Resurrection Project,1170238.806,1890555.169,41.8551748,-87.65062753,8,26,33,14920,250,41.8551748018435,-87.6506275348033,"{""address"": """", ""city"": """", ""state"": """", ""zip"": """"}"
60647,30,Logan Square,22,Multifamily,Zapata Apts.,3734 W. Cortland St.,773-227-6332,Bickerdike Apartments,1151016.257,1912402.357,41.91552353,-87.72061073,10,49,23,22535,388,41.9155235348496,-87.7206107279615,"{""address"": """", ""city"": """", ""state"": """", ""zip"": """"}"
60653,72,Grand Boulevard,38,Multifamily,Shops & Lofts at 47,747 E. 47th St.,855-618-4959,The Community Builders Inc.,1182241.946,1873977.257,41.80941355,-87.60708556,1,10,4,21192,165,41.80941355316,-87.6070855617653,"{""address"": """", ""city"": """", ""state"": """", ""zip"": """"}"
60623,126,North Lawndale,29,Senior,Tabernacle Apts.,3836 W. Cermak Road,773-762-3389,Lawndale Christian Residential Svcs.,1150987.19,1889144.749,41.85170274,-87.72132688,36,14,30,21569,752,41.8517027367806,-87.7213268803416,"{""address"": """", ""city"": """", ""state"": """", ""zip"": """"}"
60616,10,Near South Side,33,ARO,Aspire Residences,2111 S. Wabash Ave.,312-346-8600,"Draper and Kramer, Inc.",1177122.368,1890143.367,41.85389182,-87.62537446,48,9,34,21194,374,41.8538918245058,-87.6253744575475,"{""address"": """", ""city"": """", ""state"": """", ""zip"": """"}"
60653,81,Oakland,36,Multifamily,Lakefront Phase II,1060 E. 41st St.,773-548-8795,"Urban Property Advisors, LLC",1184020.764,1877980.711,41.82035789,-87.60043601,1,10,2,4301,220,41.8203578869792,-87.6004360121251,"{""address"": """", ""city"": """", ""state"": """", ""zip"": """"}"
60653,20,Grand Boulevard,38,Multifamily,Paul G. Stewart Phase V,400 E. 41st St.,773-924-2100,Paul G. Stewart Assoc.,1179638.248,1877940.683,41.8203495,-87.61651411,12,9,4,4301,625,41.820349500309,-87.6165141094717,"{""address"": """", ""city"": """", ""state"": """", ""zip"": """"}"
60624,181,West Garfield Park,26,Senior,Fannie Emanuel Apts.,3916 W. Washington Blvd.,312-913-5812,Habitat Company,1150182.64,1900168.643,41.88196929,-87.72399261,11,23,27,21572,658,41.8819692863711,-87.7239926128235,"{""address"": """", ""city"": """", ""state"": """", ""zip"": """"}"
60608,5,North Lawndale,29,Multifamily,Park Douglas,1255 S. Fairfield Ave.,773-893-4800,Interstate Realty Management Co.,1158274.683,1894003.779,41.86489079,-87.69444711,11,23,30,14920,16,41.8648907888264,-87.6944471100166,"{""address"": """", ""city"": """", ""state"": """", ""zip"": """"}"
60618,32,Avondale,21,Supportive Housing,Milwaukee Ave. Apts.,3060 N. Milwaukee Ave.,312-967-7300,Full Circle Management,1151100.782,1920108.203,41.93666739,-87.72009772,27,21,22,21538,215,41.936667386198,-87.7200977199175,"{""address"": """", ""city"": """", ""state"": """", ""zip"": """"}"
60625,2,Lincoln Square,4,ARO,4646 Damen Apts.,4646 N. Damen Ave.,773-883-1200,Northside Properties Inc.,1162127.163,1931058.891,41.96649306,-87.6792672,13,18,6,21849,665,41.9664930631947,-87.6792672013702,"{""address"": """", ""city"": """", ""state"": """", ""zip"": """"}"
60647,6,Logan Square,22,Multifamily,Tierra Linda Apts.,1834-36 N. Sawyer Ave.,773-276-5338,LUCHA,1154251.058,1912153.096,41.91477551,-87.70873296,10,41,23,22535,387,41.9147755105005,-87.7087329617065,"{""address"": """", ""city"": """", ""state"": """", ""zip"": """"}"
60624,6,Humboldt Park,23,Multifamily,Nelson Mandela Apts.,3554 W. Ohio St.,773-227-6332,Bickerdike Apts.,1152342.728,1903805.745,41.89190751,-87.71596466,41,46,24,21572,584,41.8919075104178,-87.7159646598521,"{""address"": """", ""city"": """", ""state"": """", ""zip"": """"}"
60618,51,Irving Park,16,Senior,Senior Residence at Kedzie,4054 N. Kedzie Ave.,773-381-7400,G&A Management,1154285.687,1927005.643,41.95553133,-87.70820786,2,20,16,21538,23,41.9555313337016,-87.7082078564992,"{""address"": """", ""city"": """", ""state"": """", ""zip"": """"}"
60647,2,Logan Square,22,ARO,Fullerton Properties LLC,2535 W. Fullerton Ave.,773-404-9904,TMG Management,1158984.036,1915825.244,41.92475626,-87.69124357,24,41,23,22535,323,41.9247562570513,-87.6912435686367,"{""address"": """", ""city"": """", ""state"": """", ""zip"": """"}"
60628,81,Roseland,49,Senior,Victory Center of Roseland,10450 S. Michigan Ave.,773-468-6400,Pathway Senior Living,1178829.401,1835494.405,41.70389075,-87.62077116,30,43,45,21861,236,41.7038907515241,-87.6207711552983,"{""address"": """", ""city"": """", ""state"": """", ""zip"": """"}"
60653,239,Grand Boulevard,38,Multifamily,Rosenwald Courts Apts.,4642 S. Michigan Ave.,773-819-2267,Mercy Housing,1177902.205,1874091.161,41.80982565,-87.62299938,12,9,4,4301,354,41.8098256489654,-87.6229993768141,"{""address"": """", ""city"": """", ""state"": """", ""zip"": """"}"
60637,33,Woodlawn,42,Multifamily,Woodlawn-Michigan Development,6446 S. Kenwood Ave.,312-226-2200,Wolcott Real Property LLC,1186141.366,1862376.561,41.77748903,-87.59314971,53,4,9,22260,27,41.7774890263916,-87.5931497136386,"{""address"": """", ""city"": """", ""state"": """", ""zip"": """"}"
60647,18,West Town,24,Multifamily,North & Talman Phase III,2656 W. North Ave.,773-602-2888,Hispanic Housing Dev. Corp.,1158163.07,1910570.521,41.91035372,-87.69440401,24,41,25,22535,299,41.9103537220529,-87.6944040130463,"{""address"": """", ""city"": """", ""state"": """", ""zip"": """"}"
60624,58,North Lawndale,29,Supportive Housing,Independence Apts.,927 S. Independence Blvd.,773-549-8300,Realty & Mortgage Co.,1151446.075,1895529.682,41.86921476,-87.71947509,36,14,30,21572,98,41.8692147569018,-87.7194750916543,"{""address"": """", ""city"": """", ""state"": """", ""zip"": """"}"
60657,2,Lake View,6,ARO,The Mode,3462 N. Lincoln Ave.,773-205-8300,606 Realty,1164033.827,1923207.502,41.94490833,-87.67247934,16,18,57,4449,239,41.9449083304908,-87.6724793376448,"{""address"": """", ""city"": """", ""state"": """", ""zip"": """"}"
60642,19,West Town,24,ARO,Nevele 22 Apts.,1122 W. Chicago Ave.,773-227-1202,Lipe Property Co.,1168610.474,1905551.686,41.89636176,-87.65616995,41,46,25,22620,109,41.89636175681587,-87.65616994808683,"{""address"": """", ""city"": """", ""state"": """", ""zip"": """"}"
60607,9,Near West Side,28,ARO,Union West,939 W. Washington Blvd.,312-626-0473,ZRS Management,1169996.992,1900682.032,41.88296896,-87.65121973,41,26,29,14917,63,41.8829689598866,-87.6512197347754,"{""address"": """", ""city"": """", ""state"": """", ""zip"": """"}"
60624,88,Humboldt Park,23,Senior,Senior Suites of West Humboldt Park,3656 W. Huron St.,773-638-0333,Senior Lifestyle Corp.,1151632.751,1904458.203,41.89371191,-87.71855494,41,46,24,21572,584,41.89371190813259,-87.71855493962825,"{""address"": """", ""city"": """", ""state"": """", ""zip"": """"}"
60640,2,Uptown,3,ARO,4533 N Clark St.,4533 N. Clark St.,312-600-4501,Honore Properties,1165627.535,1930345.788,41.96446223,-87.66641734,13,39,31,22616,611,41.96446223237479,-87.66641734463559,"{""address"": """", ""city"": """", ""state"": """", ""zip"": """"}"
60639,62,Hunboldt Paek,23,Multifamily,Los Vecinos,4250 W. North Ave.,312-660-1374,Heartland Housing Inc.,1147575.749,1910329.902,41.90990327,-87.73330423,27,49,24,22615,285,41.90990326796351,-87.7333042287006,"{""address"": """", ""city"": """", ""state"": """", ""zip"": """"}"
60637,67,Woodlawn,42,Multifamily,The Grant at Woodlawn Pk Phase I,6227-29 S. Cottage Grove Ave.,312-283-0030,Preservation Housing Management LLC,1182676.847,1863775.147,41.781408,-87.60580712,53,4,9,22260,470,41.7814080036687,-87.6058071227519,"{""address"": """", ""city"": """", ""state"": """", ""zip"": """"}"
60637,56,Washington Park,40,Multifamily,St. Edmund's Meadows,6100 S. Michigan Ave.,773-493-2411,St. Edmund's Redevelopment Corp.,1178164.22,1864572.055,41.78369838,-87.62232714,53,4,7,22260,404,41.78369838167961,-87.62232713678218,"{""address"": """", ""city"": """", ""state"": """", ""zip"": """"}"
60651,18,Humboldt Park,23,Multifamily,La Estancia,3220 W. Division St.,773-227-6332,Bickerdike Apts.,1154584.663,1907840.061,41.90293349,-87.70762292,10,49,24,4299,455,41.902933489753,-87.7076229237995,"{""address"": """", ""city"": """", ""state"": """", ""zip"": """"}"
60622,40,Near North Side,8,Supportive Housing,The Midwest/Carroll Park Apts.,1333 N. Kingsbury St.,312-337-5339,Holsten Real Estate Dev. Corp.,1170359.454,1908979.929,41.905731,-87.64964597,16,46,37,22620,108,41.9057310022859,-87.6496459663701,"{""address"": """", ""city"": """", ""state"": """", ""zip"": """"}"
60644,12,Austin,25,Multifamily,Rebecca Walker Complex,223-9 S. Central Ave.,773-261-1550,Affordable Property Management Specialist,1139130.076,1898499.873,41.87759814,-87.76461864,52,7,26,22216,68,41.8775981391756,-87.7646186402379,"{""address"": """", ""city"": """", ""state"": """", ""zip"": """"}"
60637,5,Washington Park,40,Multifamily,St. Edmund's Oasis,215 E. 61st St.,773-493-2411,St. Edmund's Redevelopment Corp.,1178814.52,1864578.625,41.78370163,-87.61994272,53,4,7,22260,404,41.7837016280704,-87.6199427242499,"{""address"": """", ""city"": """", ""state"": """", ""zip"": """"}"
60640,6,Uptown,3,ARO,Harmony Apartments,4513 N. Clark St.,224-585-4516,Peak Properties,1165662.258,1930140.186,41.96389731,-87.66629556,,,,,,,,
60647,3,Logan Square,22,Multifamily,Tierra Linda Apts.,1929 N. Drake Ave.,773-276-5338,LUCHA,1152547.355,1912706.661,41.91632842,-87.71497751,10,41,23,22535,351,41.9163284200712,-87.7149775129236,"{""address"": """", ""city"": """", ""state"": """", ""zip"": """"}"
60634,2,Montclare,18,ARO,2815-19 N. Natoma,2815-19 N. Natoma Ave.,872-256-8321,The Brixen,1131639.88,1918054.962,41.93139277,-87.7916678,39,44,18,4454,397,41.9313927728181,-87.7916677976395,"{""address"": """", ""city"": """", ""state"": """", ""zip"": """"}"
60615,36,Hyde Park,41,ARO,City Hyde Park,5105 S. Harper Ave.,773-548-5077,Mac Properties,1187193.908,1871412.921,41.80226057,-87.58900435,1,10,8,21192,405,41.8022605698632,-87.5890043475713,"{""address"": """", ""city"": """", ""state"": """", ""zip"": """"}"
60610,20,Near North Side,8,ARO,The 808,808 N. Cleveland Ave.,312-778-5765,Common Living Inc.,1172714.757,1905745.153,41.89680276,-87.64109007,41,46,37,14926,617,41.89680275880236,-87.64109006900695,"{""address"": """", ""city"": """", ""state"": """", ""zip"": """"}"
60653,71,Grand Boulevard,38,Multifamily,Legends South - Gwendolyn Place,4333 S. Michigan Ave.,773-624-7676,Interstate Realty Management Co.,1177923.904,1876177.553,41.8155504,-87.62285652,12,9,4,4301,393,41.815550396096,-87.6228565224104,"{""address"": """", ""city"": """", ""state"": """", ""zip"": """"}"
60640,100,Uptown,3,Supportive Housing,Harold Washington Apts.,4946 N. Sheridan Road,312-447-4621,Mercy Housing,1168689.933,1933461.587,41.97294612,-87.65506712,37,16,31,22616,634,41.9729461220532,-87.6550671246698,"{""address"": """", ""city"": """", ""state"": """", ""zip"": """"}"
60607,33,Near West Side,28,ARO,The Jax,1220 W. Jackson Blvd.,847-324-8957,Cagan Management Group,1168192.563,1898815.541,41.87788633,-87.65789958,41,23,29,14917,91,41.8778863348772,-87.6578995834111,"{""address"": """", ""city"": """", ""state"": """", ""zip"": """"}"
60628,60,West Pullman,53,Senior,West Pullman School Senior Housing,11941 S. Parnell Ave.,773-952-8004,5T Management,1174831.25,1825538.503,41.67666008,-87.63570683,45,22,50,21861,60,41.67666008040136,-87.63570682972224,"{""address"": """", ""city"": """", ""state"": """", ""zip"": """"}"
60624,6,Humboldt Park,23,Multifamily,Nelson Mandela Apts.,3145 W. Franklin Blvd.,773-227-6332,Bickerdike Apts.,1155134.693,1903119.26,41.88996815,-87.7057294,41,46,24,21184,177,41.8899681469222,-87.7057293959162,"{""address"": """", ""city"": """", ""state"": """", ""zip"": """"}"
60647,3,Logan Square,22,Multifamily,Tierra Linda Apts.,1822 N. Sawyer Ave.,773-276-5338,LUCHA,1154255.08,1912027.168,41.91442987,-87.70872156,10,41,23,22535,387,41.9144298729108,-87.7087215553095,"{""address"": """", ""city"": """", ""state"": """", ""zip"": """"}"
60622,10,West Town,24,ARO,1611 West Division,1611 W. Division St.,773-661-5500,M. Fishman & Co.,1165376.188,1908029.505,41.9032305,-87.66797825,24,41,25,21560,518,41.903230501389,-87.6679782480489,"{""address"": """", ""city"": """", ""state"": """", ""zip"": """"}"
60608,7,North Lawndale,29,Multifamily,Park Douglas,1254-56 S. Fairfiled Ave.,773-893-4800,Interstate Realty Management Co.,1158194.723,1894001.251,41.86488549,-87.69474071,11,23,30,14920,16,41.8648854853042,-87.6947407139381,"{""address"": """", ""city"": """", ""state"": """", ""zip"": """"}"
60642,19,West Town,24,ARO,Nevele 22 Apts.,1122 W. Chicago Ave.,773-227-1202,Nevelle 22,1168610.474,1905551.686,41.89636176,-87.65616995,41,46,25,22620,109,41.8963617568158,-87.6561699480868,"{""address"": """", ""city"": """", ""state"": """", ""zip"": """"}"
60647,16,Hunboldt Paek,23,Multifamily,Nuestro Hogar,3653-57 W. Wabansia Ave.,773-227-6332,Bickerdike Apts.,1151532.936,1911006.556,41.91168319,-87.71874923,10,49,24,22535,391,41.911683185141136,-87.71874923005096,"{""address"": """", ""city"": """", ""state"": """", ""zip"": """"}"
60612,15,Near West Side,28,Multifamily,St. Andrew's Court,50 N. Hoyne Ave.,312-226-7620,St. Andrew's Court LP,1162359.526,1900563.445,41.8828067,-87.67926811,48,46,29,21184,37,41.8828067021833,-87.6792681084205,"{""address"": """", ""city"": """", ""state"": """", ""zip"": """"}"
60621,140,Englewood,68,Senior,Yale Building,6565 S. Yale Ave.,773-224-7669,Yale Building LLP,1175681.092,1861260.691,41.77466762,-87.6315302,53,4,66,21559,435,41.7746676246895,-87.6315301981577,"{""address"": """", ""city"": """", ""state"": """", ""zip"": """"}"
60612,6,East Garfield Park,27,ARO,2824 Van Buren,2824 W. Van Buren St.,708-997-0164,Sergio & Banks Real Estate,1157506.128,1898074.933,41.87607811,-87.69715773,48,46,28,21184,51,41.8760781065366,-87.697157729784,"{""address"": """", ""city"": """", ""state"": """", ""zip"": """"}"
60707,2,Montclare,18,ARO,Harlem & Wrightwood,2601-19 N. Harlem Ave.,312-671-0777,NOAH Properties,1127689.873,1916489.615,41.92716483,-87.80621904,39,7,18,4454,136,41.9271648255127,-87.8062190443279,"{""address"": """", ""city"": """", ""state"": """", ""zip"": """"}"
60647,3,Logan Square,22,ARO,1955 Richmond Place,1955 N. Richmond St.,847-542-0442,@properties,1156536.742,1913073.871,41.91725621,-87.70031066,15,41,23,22535,350,41.9172562068666,-87.7003106604857,"{""address"": """", ""city"": """", ""state"": """", ""zip"": """"}"
60640,6,Uptown,3,Multifamily,Hazel Winthrop Apts.,4813 N. Winthrop Ave.,773-334-5003,Preservation Housing Management LLC,1168043.187,1932203.053,41.96950669,-87.65748184,37,39,31,22616,634,41.969506690776,-87.65748184106664,"{""address"": """", ""city"": """", ""state"": """", ""zip"": """"}"
60637,12,Washington Park,40,Multifamily,St. Edmund's Oasis,300-10 E. 61st St.,773-493-2411,St. Edmund's Redevelopment Corp.,1179107.395,1864667.296,41.78393828,-87.61886624,53,4,7,22260,404,41.7839382763516,-87.6188662442677,"{""address"": """", ""city"": """", ""state"": """", ""zip"": """"}"
60608,4,Lower West Side,31,Multifamily,Casa Morelos,2015 S. Morgan St.,312-666-1323,The Resurrection Project,1170049.336,1890417.784,41.85480194,-87.65132697,8,26,33,14920,250,41.8548019389231,-87.6513269744307,"{""address"": """", ""city"": """", ""state"": """", ""zip"": """"}"
60612,4,Humboldt Park,23,Multifamily,Harold Washington Unity Coop,718-20 N. Troy St.,773-227-6332,Bickerdike Apts.,1155202.993,1904711.76,41.89433675,-87.70543577,41,46,24,21184,177,41.89433674506332,-87.70543577020683,"{""address"": """", ""city"": """", ""state"": """", ""zip"": """"}"
60621,45,Englewood,68,Supportive Housing,Englewood Apts.,901 W. 63rd Street,773-994-3199,Mercy Housing,1171373.661,1863023.368,41.77959999,-87.64726896,19,2,66,21559,436,41.7795999913491,-87.647268959761,"{""address"": """", ""city"": """", ""state"": """", ""zip"": """"}"
60620,4,Washington Heights,73,Supportive Housing,Brainerd Park Apts.,8920 S. Loomis St.,312-535-3157,Full Circle Management,1168524.176,1845466,41.73148212,-87.65822063,18,13,72,21554,195,41.7314821221761,-87.6582206279217,"{""address"": """", ""city"": """", ""state"": """", ""zip"": """"}"
60651,40,Austin,25,Supportive/Teenage Moms,Home for New Moms,5327 W. Chicago Ave.,773-610-7696,"New Moms, Inc.",1140544.652,1904774.781,41.89479143,-87.75927048,4,45,26,22216,673,41.8947914313504,-87.7592704827665,"{""address"": """", ""city"": """", ""state"": """", ""zip"": """"}"
60653,38,Grand Boulevard,38,Multifamily,4400 Grove Apts.,4400 S. Cottage Grove Ave.,312-248-6012,Michaels Development Co.,1182295.45,1875978.517,41.81490392,-87.60682726,1,10,4,4301,161,41.8149039242413,-87.6068272642158,"{""address"": """", ""city"": """", ""state"": """", ""zip"": """"}"
60626,3,Rogers Park,1,ARO,1730 W. Greenleaf,1730 W. Greenleaf Ave.,773-605-0103,DLG Management,1163535.311,1947041.333,42.01031978,-87.67363702,3,5,10,21853,49,42.0103197756509,-87.6736370200105,"{""address"": """", ""city"": """", ""state"": """", ""zip"": """"}"
60629,102,Chicago Lawn,66,Senior,Lawn Terrace Apts.,3214 W. 63rd Pl,773-925-2815,Greater Southwest Dev. Corp.,1155938.092,1862375.031,41.77814486,-87.70387541,44,31,64,21867,293,41.7781448625534,-87.7038754099471,"{""address"": """", ""city"": """", ""state"": """", ""zip"": """"}"
60637,117,Woodlawn,42,Multifamily,WECAN,6450 S. Stony Island Ave.,773-288-3000,WECAN,1187957.596,1862318.637,41.77728699,-87.58649335,32,33,9,22260,134,41.7772869880935,-87.586493351533,"{""address"": """", ""city"": """", ""state"": """", ""zip"": """"}"
60613,5,Lake View,6,ARO,The Aurea,3821 N. Ashland Ave.,773-326-6427,Base 3 Management,1165009.048,1925544.23,41.95129974,-87.66882824,13,18,57,21186,724,41.95129973540925,-87.66882823903269,"{""address"": """", ""city"": """", ""state"": """", ""zip"": """"}"
60624,200,East Garfield Park,27,Multifamily,Ike Sims Village,3333 W. Maypole Ave.,773-638-1818,Village Green Management Co.,1153978.229,1900741.035,41.88346519,-87.71003991,11,23,28,21572,176,41.8834651917068,-87.7100399090678,"{""address"": """", ""city"": """", ""state"": """", ""zip"": """"}"
60634,129,Dunning,17,Senior,Autumn Green at Wright Campus,4239 N. Oak Park Ave.,773-202-3388,Senior Lifestyle Corp.,1129981.018,1927628.484,41.95769221,-87.79754403,25,19,17,22254,442,41.9576922114684,-87.79754403338,"{""address"": """", ""city"": """", ""state"": """", ""zip"": """"}"
60647,24,West Town,24,Senior,North & Talman Elderly Apts.,1600 N. Talman Ave.,773-486-7410,Hispanic Housing Dev. Corp.,1158416.973,1910568.81,41.91034383,-87.69347132,24,41,25,22535,299,41.9103438336904,-87.6934713168643,"{""address"": """", ""city"": """", ""state"": """", ""zip"": """"}"
60623,45,North Lawndale,29,Multifamily,Dr. King Apts.,1550 S. Hamlin Ave.,773-776-7233,Lawndale Christian Residential Svcs.,1151263.623,1891891.93,41.85923592,-87.7202403,36,14,30,21569,33,41.8592359222937,-87.7202402979576,"{""address"": """", ""city"": """", ""state"": """", ""zip"": """"}"
60647,92,Lincoln Park,7,Senior,Lathrop Elderly Apts.,2717 N. Leavitt St.,773-296-2095,Hispanic Housing Dev. Corp.,1161966.806,1918094.527,41.9309215,-87.68022005,24,41,68,22535,743,41.93092150251976,-87.6802200458293,"{""address"": """", ""city"": """", ""state"": """", ""zip"": """"}"
60612,113,East Garfield Park,27,Senior,Heritage Woods of Chicago,2800 W. Fulton St.,773-722-2900,BMA Management Ltd.,1157640.848,1901927.155,41.88664623,-87.69655814,41,46,28,21184,50,41.8866462302992,-87.6965581360089,"{""address"": """", ""city"": """", ""state"": """", ""zip"": """"}"
60622,2,West Town,24,ARO,1645 W. LeMoyne,1645 W. LeMoyne St.,773-456-5288,1645 W LeMoyne,1164947.334,1910121.237,41.90897948,-87.66949405,24,11,25,21560,482,41.9089794761552,-87.6694940511534,"{""address"": """", ""city"": """", ""state"": """", ""zip"": """"}"
60653,152,Douglas,35,Senior,Pioneer Village Apts.,340 E. 38th St.,773-536-0463,Pioneer Affordable Housing Preservation,1179348.36,1879907.496,41.82575322,-87.61751743,12,9,1,4301,222,41.8257532207213,-87.6175174281735,"{""address"": """", ""city"": """", ""state"": """", ""zip"": """"}"
60610,21,Near North Side,8,ARO,Than Tower,343 W. Schiller St.,312-379-9216,Lakshmi Capital Management,1173428.391,1909646.778,41.9074932,-87.63835294,41,46,37,14926,290,41.9074931960316,-87.638352940941,"{""address"": """", ""city"": """", ""state"": """", ""zip"": """"}"
60640,8,Uptown,3,ARO,The Sally,1135 W. Winona St.,312-216-0015,The FLATS,1167546.298,1934240.17,41.97510735,-87.65924996,40,16,31,22616,634,41.975107346793216,-87.65924996027928,"{""address"": """", ""city"": """", ""state"": """", ""zip"": """"}"
60653,76,Oakland,36,Multifamily,Oakwood Shores Senior Apts.,3750 S. Cottage Grove Ave.,773-373-1300,The Community Builders,1181862.329,1880153.551,41.82637057,-87.60828676,1,10,2,4301,582,41.826370566755,-87.6082867641214,"{""address"": """", ""city"": """", ""state"": """", ""zip"": """"}"
60609,220,Grand Boulevard,38,Multifamily,Legends South - Savoy Square,4448 S. State St.,773-855-2209,Interstate Realty Management Co.,1176982.246,1875311.407,41.81319493,-87.6263368,12,9,4,14924,219,41.8131949278106,-87.6263367998472,"{""address"": """", ""city"": """", ""state"": """", ""zip"": """"}"
60624,50,East Garfield Park,27,Multifamily,Homan Square Apartments Phase I,750 S. Homan Ave.,773-722-7320,Realty & Mortgage Co.,1153790.485,1896268.991,41.87119717,-87.71084842,36,14,28,21572,685,41.8711971734122,-87.7108484249133,"{""address"": """", ""city"": """", ""state"": """", ""zip"": """"}"
60612,43,Hunboldt Paek,23,Multifamily,Harold Washington Unity Coop,3100-36 W. Huron St.,773-227-6332.,Bickerdike Apts.,1155567.271,1904540.247,41.89385878,-87.7041025,41,46,24,21184,177,41.89385877539872,-87.70410250285862,"{""address"": """", ""city"": """", ""state"": """", ""zip"": """"}"
60652,85,Ashburn,70,Senior,Wrightwood Senior Apts.,2815 W. 79th St.,773-471-7777,Ludwig and Company,1158906.934,1852040.954,41.74972646,-87.69327334,6,30,69,4300,243,41.7497264566211,-87.6932733372306,"{""address"": """", ""city"": """", ""state"": """", ""zip"": """"}"
60612,123,East Garfield Park,27,Multifamily,Harrison Court Apts.,2910 W. Harrison St.,773-722-3231,East Lake Management & Development Corp.,1156993.694,1897269.114,41.87387727,-87.69906108,48,46,28,21184,51,41.87387726552858,-87.69906107872393,"{""address"": """", ""city"": """", ""state"": """", ""zip"": """"}"
60616,147,Armour Square,34,Multifamily,Archer Courts Apts.,2242 S. Princeton Ave.,312-791-0458,"Prairie Management & Development, Inc.",1174528.583,1889278.897,41.85157794,-87.63492034,,,,,,,,
60637,28,Washington Park,40,Supportive/Kinship Families,Coppin House,325-43 E. 55th Place,773-752-2331,Interfaith Housing Corp.,1179276.077,1868251.46,41.79376972,-87.61813849,53,4,7,22260,402,41.7937697184394,-87.6181384855775,"{""address"": """", ""city"": """", ""state"": """", ""zip"": """"}"
60621,99,Englewood,68,Supportive Housing,Branch of Hope Apts.,5628-30 S. Halsted St.,773-488-7205,Evergreen Real Estate LLC,1171893.839,1867410.662,41.79162782,-87.64523321,53,4,66,21559,113,41.791627817593,-87.6452332086618,"{""address"": """", ""city"": """", ""state"": """", ""zip"": """"}"
60647,111,Humboldt Park,23,Multifamily,Spaulding Apartments,1750 N. Spaulding Ave.,773-381-7400,G&A Management,1153823.719,1911621.628,41.91332565,-87.71031714,10,49,24,22535,390,41.9133256466417,-87.7103171383554,"{""address"": """", ""city"": """", ""state"": """", ""zip"": """"}"
60643,70,West Pullman,53,Senior,Kennedy Jordan Manor,825 W. 118th St.,773-568-2929,Source Works Management,1172827.454,1826559.72,41.67950676,-87.6430113,45,22,50,22212,642,41.6795067550453,-87.6430113026999,"{""address"": """", ""city"": """", ""state"": """", ""zip"": """"}"
60608,1,North Lawndale,29,Multifamily,Park Douglas,1256-60 S. Washtenaw Ave.,773-893-4800,Interstate Realty Management Co.,1158530.365,1893988.193,41.86484279,-87.69350892,11,23,30,14920,16,41.8648427948798,-87.6935089238032,"{""address"": """", ""city"": """", ""state"": """", ""zip"": """"}"
60617,86,South Deering,51,Senior,Porta Coeli Residence,2260 E. 99th St.,773-374-2470,Catholic Charities,1193007.252,1839809.525,41.71539824,-87.56871495,43,47,48,21202,252,41.7153982407788,-87.5687149518265,"{""address"": """", ""city"": """", ""state"": """", ""zip"": """"}"
60607,74,Near West Side,28,ARO,Flora,1114 W. Carroll Ave.,312-465-6946,Greystar,1168897.246,1902445.508,41.88783198,-87.65520686,41,46,29,14917,63,41.88783197779841,-87.6552068561226,"{""address"": """", ""city"": """", ""state"": """", ""zip"": """"}"
60660,89,West Ridge,2,Senior,G & A Senior Residences at Ravenswood,1818 W. Peterson Ave.,773-381-7400,Eastgate Village Senior Corp.,1162949.472,1939941.189,41.99084916,-87.67599309,46,24,20,4451,43,41.9908491576843,-87.6759930883639,"{""address"": """", ""city"": """", ""state"": """", ""zip"": """"}"
60609,181,Grand Boulevard,38,Multifamily,Legends South - Hansberry Square,4034 S. State St.,773-548-8800,Interstate Realty Management Co.,1176907.636,1878122.623,41.82091083,-87.62652565,12,9,4,14924,414,41.8209108341935,-87.6265256539288,"{""address"": """", ""city"": """", ""state"": """", ""zip"": """"}"
60616,1,Douglas,35,ARO,Lake Park LLC,243 E. 31st St.,773-693-1041,D Properties,1178560.467,1884464.478,41.8382759,-87.62026922,48,10,1,21194,25,41.8382759033884,-87.6202692165246,"{""address"": """", ""city"": """", ""state"": """", ""zip"": """"}"
60615,96,Grand Boulevard,38,Supportive Housing,Washington Park SRO,5000 S. Indiana Ave.,773-924-1107,"East Lake Management Group, Inc.",1178406.437,1871882.896,41.80375452,-87.62121706,12,9,4,21192,449,41.8037545211771,-87.6212170565254,"{""address"": """", ""city"": """", ""state"": """", ""zip"": """"}"
60653,87,Grand Boulevard,38,Multifamily,Indiana Manor Town Homes,4427-33 S. Indiana Ave.,773-268-5326,Indiana Manor Townhomes,1178382.513,1875605.784,41.813971,-87.62119166,12,9,4,4301,162,41.8139709971034,-87.6211916565333,"{""address"": """", ""city"": """", ""state"": """", ""zip"": """"}"
60624,6,Humboldt Park,23,Multifamily,Nelson Mandela Apts.,614 N. Spaulding Ave.,773-227-6332,Bickerdike Apts.,1154224.542,1903987.92,41.89237005,-87.70904868,41,46,24,21572,177,41.8923700513216,-87.7090486845158,"{""address"": """", ""city"": """", ""state"": """", ""zip"": """"}"
60607,75,Near West Side,28,ARO,Fulbrix Apts.,160 N. Elizabeth St.,312-698-0160,Lincoln Property Co.,1167876.373,1901318.58,41.88476168,-87.65898834,41,46,29,14917,63,41.88476168481302,-87.6589883360869,"{""address"": """", ""city"": """", ""state"": """", ""zip"": """"}"
60637,63,Woodlawn,42,Multifamily,Strand Hotel,6321 S. Cottage Grove Ave.,312-274-9169,Holsten Real Estate Dev. Corp.,1182692.163,1863173.729,41.7797573,-87.60576963,53,4,9,22260,347,41.7797573035967,-87.6057696254993,"{""address"": """", ""city"": """", ""state"": """", ""zip"": """"}"
60610,80,Near North Side,8,Supportive,Carling Hotel,1512 N. LaSalle St.,312-421-1170,Interstate Realty Management Co.,1174812.446,1910422.213,41.90959014,-87.63324548,51,46,37,14926,290,41.9095901426841,-87.6332454838348,"{""address"": """", ""city"": """", ""state"": """", ""zip"": """"}"
60608,25,Lower West Side,31,Multifamily,Casa Oaxaca,1714 W. 19th St.,312-666-1323,The Resurrection Project,1165132.943,1890827.827,41.85603287,-87.66936057,8,26,33,14920,343,41.8560328733339,-87.6693605654777,"{""address"": """", ""city"": """", ""state"": """", ""zip"": """"}"
60647,8,Logan Square,22,ARO,2501 Armitage,2501 W. Armitage Ave.,312-255-1153,Tandem Property Management,1159374.119,1913163.369,41.91744385,-87.68988362,24,41,23,22535,180,41.9174438522713,-87.6898836190418,"{""address"": """", ""city"": """", ""state"": """", ""zip"": """"}"
60644,78,Austin,25,Multifamily,Pine Central,557 N. Pine Ave.,773-568-1020,NHS Redevelopment Corp.,1139471.896,1903210.835,41.8905194,-87.76324864,4,45,26,22216,673,41.8905193977099,-87.7632486365124,"{""address"": """", ""city"": """", ""state"": """", ""zip"": """"}"
60615,35,Washington Park,40,Senior,TRC Senior Village I,346 E. 53rd St.,773-924-9270,The Renaissance Collaborative,1179447.49,1869994.898,41.79854996,-87.61745669,12,9,7,21192,218,41.7985499558127,-87.6174566934006,"{""address"": """", ""city"": """", ""state"": """", ""zip"": """"}"
60657,2,Lake View,6,ARO,Clarkview Apts.,3228 N. Clark St.,"773-281-0701, ext. 1014",Glascott Realty,1169778.211,1921699.272,41.94064621,-87.65140951,38,25,57,4449,731,41.9406462132724,-87.6514095081283,"{""address"": """", ""city"": """", ""state"": """", ""zip"": """"}"
60647,22,Logan Square,22,ARO,Logan Apts.,2480-2522 N. Milwaukee Ave.,773-525-6570,Spaces Real Estate,1155727.042,1916381.376,41.92634863,-87.70319622,15,40,23,22535,549,41.9263486263737,-87.7031962197989,"{""address"": """", ""city"": """", ""state"": """", ""zip"": """"}"
60620,54,Auburn Gresham,71,Supportive/Veterans,Veteran's New Beginnings,8132-44 S. Racine Ave.,773-488-2317,"HSR Property Services, LLC",1169700.307,1850714.778,41.74586011,-87.65376017,18,13,70,21554,575,41.7458601099296,-87.6537601722189,"{""address"": """", ""city"": """", ""state"": """", ""zip"": """"}"
60612,84,Near West Side,28,Multifamily,Near West Side Apts.,216 S. Hoyne Ave.,312-738-2280,Baker-Simmons Apartments,1162403.567,1898857.889,41.87812559,-87.67915413,48,46,29,21184,89,41.8781255904191,-87.6791541270768,"{""address"": """", ""city"": """", ""state"": """", ""zip"": """"}"
60624,6,Humboldt Park,23,Multifamily,Nelson Mandela Apts.,526 N. Troy St.,773-227-6332,Bickerdike Apts.,1155237.959,1903558.991,41.89117274,-87.70533834,41,46,24,21184,177,41.8911727353719,-87.7053383382248,"{""address"": """", ""city"": """", ""state"": """", ""zip"": """"}"
60647,44,Logan Square,22,Multifamily,La Paz Place,3600-08 W. Shakespeare Ave.,773-227-6332,Bickerdike Apts.,1151994.545,1914090.961,41.92013798,-87.71697197,10,12,23,22535,73,41.9201379786438,-87.71697197414618,"{""address"": """", ""city"": """", ""state"": """", ""zip"": """"}"
60653,3,Oakland,36,Multifamily,Lakefront Phase II,1106 E. 42nd Pl,773-548-8795,"Urban Property Advisors, LLC",1184320.237,1877174.699,41.81813912,-87.59936268,1,10,2,4301,220,41.8181391196842,-87.5993626833323,"{""address"": """", ""city"": """", ""state"": """", ""zip"": """"}"
60616,127,Near South Side,33,Senior,G&A Senior Residences at Eastgate Village,300 E. 26th Street,773-381-7400,Eastgate Village Partners LP,1178501.162,1887204.44,41.8457959,-87.62040337,48,10,34,21194,193,41.8457959044222,-87.6204033747469,"{""address"": """", ""city"": """", ""state"": """", ""zip"": """"}"
60623,120,North Lawndale,29,65+/Supportive,Montclare Sr. Residences SLF of Lawndale,4339-47 W. 18th Pl,773-277-0288,Pacific Management Inc.,1147554.657,1890603.264,41.85577153,-87.7338879,36,14,30,21569,753,41.8557715313027,-87.7338878999525,"{""address"": """", ""city"": """", ""state"": """", ""zip"": """"}"
60653,81,Douglas,35,Multifamily,Davis Apts.,3632 S. Indiana Ave.,773-285-5955,Capital Realty Group,1178156.714,1880953.421,41.82865048,-87.62185747,12,9,1,4301,446,41.82865048399134,-87.62185747240224,"{""address"": """", ""city"": """", ""state"": """", ""zip"": """"}"
60639,85,Belmont Cragin,19,Senior,Senior Suites of Kelvyn Park,2715 N. Cicero Ave.,773-252-0333,Senior Lifestyle Corp.,1143963.795,1917674.647,41.93012657,-87.74638854,7,17,19,22615,305,41.9301265688258,-87.7463885389486,"{""address"": """", ""city"": """", ""state"": """", ""zip"": """"}"
60608,5,North Lawndale,29,Multifamily,Park Douglas,1302-06 S. Washtenaw Ave.,773-893-4800,Interstate Realty Management Co.,1158533.507,1893871.34,41.86452207,-87.69350059,11,23,30,14920,16,41.8645220744709,-87.6935005875192,"{""address"": """", ""city"": """", ""state"": """", ""zip"": """"}"
60624,276,West Garfield Park,26,Senior,Midwest Apts.,6 N. Hamlin Blvd.,773-265-0323,Holsten Management Corp.,1151025.526,1899809.62,41.88096762,-87.72090693,11,23,27,21572,658,41.8809676236059,-87.7209069325321,"{""address"": """", ""city"": """", ""state"": """", ""zip"": """"}"
60612,42,Near West Side,28,Multifamily,Westhaven Park Phase IIC,1939 W. Lake St.,312-455-0009,Interstate Realty Management Co.,1163284.257,1901334.737,41.8849038,-87.67585077,41,46,29,21184,579,41.8849038014928,-87.675850768228,"{""address"": """", ""city"": """", ""state"": """", ""zip"": """"}"
60620,85,Auburn Gresham,71,Senior,Senior Suites of Auburn-Gresham,1050 W. 79th St.,773-723-0333,Senior Lifestyle Corp.,1170460.901,1852465.795,41.75064862,-87.65092232,17,31,70,21554,487,41.7506486193345,-87.6509223206213,"{""address"": """", ""city"": """", ""state"": """", ""zip"": """"}"
60626,297,Rogers Park,1,Supportive Housing,Wayne Street Apts.,6808 N. Wayne Ave.,773-572-5272,The Thresholds,1165865.348,1945401.689,42.00577097,-87.66511109,3,5,10,21853,47,42.0057709728472,-87.6651110903791,"{""address"": """", ""city"": """", ""state"": """", ""zip"": """"}"
60621,69,Englewood,68,Multifamily,Antioch Homes II,301 W. Marquette Road,773-994-4546,"Universal Management Service, Inc.",1175444.813,1860492.084,41.77256377,-87.63241932,31,32,66,21559,479,41.772563768909,-87.6324193182049,"{""address"": """", ""city"": """", ""state"": """", ""zip"": """"}"
60621,34,Englewood,68,Senior,Sangamon Terrace,6415 S. Sangamon St.,312-234-9400,Evergreen Real Estate Services,1171120.288,1862217.205,41.77739333,-87.6482214,19,2,66,21559,436,41.7773933301775,-87.6482214015885,"{""address"": """", ""city"": """", ""state"": """", ""zip"": """"}"
60649,55,South Shore,43,Senior,Senior Suites of South Shore,2355 E. 67th St.,773-324-2333,Senior Lifestyle Corp.,1193073.323,1860960.163,41.77343579,-87.56778382,32,33,39,22538,134,41.7734357917325,-87.5677838210307,"{""address"": """", ""city"": """", ""state"": """", ""zip"": """"}"
60707,3,Montclare,18,ARO,6602-22 W. Diversey,6602-22 W. Diversey Ave.,872-256-8321,The Brixen,1131884.372,1917931.507,41.93104976,-87.79077219,39,44,18,4454,397,41.9310497553307,-87.7907721868365,"{""address"": """", ""city"": """", ""state"": """", ""zip"": """"}"
60640,70,Uptown,3,Supportive,Carlton Terrace,4626 N. Magnolia Ave.,773-649-4639,Mercy Housing Management Group,1167071.996,1929651.057,41.96252489,-87.66112652,37,39,31,22616,611,41.96252489219771,-87.66112652498248,"{""address"": """", ""city"": """", ""state"": """", ""zip"": """"}"
60653,16,Grand Boulevard,38,Artist Live/Work Space,Bronzeville Artists Lofts,436 E. 47th St.,773-324-1745,Revere Properties,1180131.926,1873998.52,41.80952057,-87.61482402,12,9,4,4301,447,41.8095205688443,-87.6148240160309,"{""address"": """", ""city"": """", ""state"": """", ""zip"": """"}"
60632,78,West Elsdon,62,Multifamily,Park Place Family Apts.,3630 W. 51st St.,773-767-7260,"Leasing and Management Co., Inc.",1152916.272,1870602.659,41.80078286,-87.71473662,49,8,60,22248,792,41.8007828624241,-87.7147366176902,"{""address"": """", ""city"": """", ""state"": """", ""zip"": """"}"
60623,2,South Lawndale,30,Multifamily,Resurrection Homes,2243 S. Central Park Ave.,312-248-8355,The Resurrection Project,1152765.059,1888679.589,41.85039133,-87.7148139,14,28,32,21569,755,41.8503913261082,-87.7148138990107,"{""address"": """", ""city"": """", ""state"": """", ""zip"": """"}"
60608,31,North Lawndale,29,Multifamily,Park Douglas,1303-15 S. Fairfield Ave.,773-893-4800,Interstate Realty Management Co.,1158279.052,1893857.022,41.86448798,-87.69443508,11,23,30,14920,16,41.8644879835666,-87.6944350831822,"{""address"": """", ""city"": """", ""state"": """", ""zip"": """"}"
60622,3,West Town,24,ARO,1801westgrand,1801 W. Grand Ave.,773-698-6648,Fulton Grace,1164277.935,1903488.048,41.89079171,-87.67214091,,,,,,,,
60610,7,Near North Side,8,ARO,North & Vine,633 W. North Ave.,312-872-1011,Lincoln Property Co.,1171685.562,1910861.926,41.9108662,-87.64471925,41,11,37,14926,108,41.9108661963254,-87.644719245073,"{""address"": """", ""city"": """", ""state"": """", ""zip"": """"}"
60613,1,Lake View,6,ARO,3647 N. Southport,3647 N. Southport Ave.,773-529-3700,Seminary Properties,1166356.459,1924520.278,41.94846119,-87.66390462,38,25,57,21186,728,41.9484611934317,-87.6639046213447,"{""address"": """", ""city"": """", ""state"": """", ""zip"": """"}"
60660,6,Edgewater,77,Multifamily,Edge on Broadway,6149 N. Broadway,773-525-6570,Spaces Real Estate,1167225.117,1941025.828,41.9937343,-87.66023494,40,16,76,4451,46,41.9937342988581,-87.6602349438158,"{""address"": """", ""city"": """", ""state"": """", ""zip"": """"}"
60651,15,Humboldt Park,23,Multifamily,Nuestro Hogar,4101 W. Kamerling,773-227-6332,Bickerdike Apts.,1148770.589,1908634.274,41.90522727,-87.72895873,4,45,24,4299,286,41.90522727496384,-87.72895872712601,"{""address"": """", ""city"": """", ""state"": """", ""zip"": """"}"
60647,2,Logan Square,22,Multifamily,1879 N. Milwaukee,1879 N. Milwaukee Ave.,773-697-5276,Peak Properties,1160606.222,1912516.637,41.91564372,-87.6853748,24,40,23,22535,373,41.9156437180312,-87.6853747958015,"{""address"": """", ""city"": """", ""state"": """", ""zip"": """"}"
60647,4,Logan Square,22,ARO,1962-66 N. Milwaukee Ave. Apts.,1962-66 N. Milwaukee Ave.,773-494-4395,Kiferbaum Devp. Group,1159903.525,1913009.701,41.91701126,-87.68794282,24,41,23,22535,180,41.917011260975,-87.6879428188384,"{""address"": """", ""city"": """", ""state"": """", ""zip"": """"}"
60659,117,West Ridge,2,Senior,West Ridge Senior Apts.,6142 N. California Ave.,773-381-7400,West Ridge Senior Corp.,1156512.51,1940837.411,41.99344157,-87.69964542,42,27,20,4450,30,41.9934415657216,-87.699645424939,"{""address"": """", ""city"": """", ""state"": """", ""zip"": """"}"
60608,45,Lower West Side,31,Multifamily,Casa Queretaro,1614 S. Damen Ave.,312-666-1323,The Resurrection Project,1163154.261,1891768.78,41.8586567,-87.67659689,8,26,33,14920,366,41.8586566959184,-87.6765968933512,"{""address"": """", ""city"": """", ""state"": """", ""zip"": """"}"
60607,70,Near West Side,28,ARO,The Elizabeth,225 N Elizabeth St,872-328-0028,Sterling Bay,1167941.147,1901872.485,41.88628024,-87.65873449,41,46,29,14917,63,41.886280242895666,-87.6587344871331,"{""address"": """", ""city"": """", ""state"": """", ""zip"": """"}"
60660,3,Edgewater,77,ARO,Glenlake LLC,1544 W. Glenlake Ave.,773-404-9904,TMG Management,1164726.018,1940637.401,41.99272198,-87.66943869,40,16,76,4451,536,41.9927219787073,-87.6694386889022,"{""address"": """", ""city"": """", ""state"": """", ""zip"": """"}"
60653,81,Grand Boulevard,38,Multifamily,Hearts United II-The Quincy (scattered sites),701-27 E. 43rd St.,773-924-2100,Bonheur Realty Services Corp.,1181681.401,1876615.505,41.81666609,-87.60905996,1,10,4,4301,161,41.81666609459,-87.6090599646745,"{""address"": """", ""city"": """", ""state"": """", ""zip"": """"}"
60605,207,Near South Side,33,SRO,South Loop Apts.,1521 S. Wabash Ave.,312-239-3218,Mercy Housing Management Group,1177054.325,1892851.446,41.86132451,-87.62554226,48,9,34,14913,374,41.86132451284019,-87.62554225942642,"{""address"": """", ""city"": """", ""state"": """", ""zip"": """"}"
60610,101,Near North Side,8,Senior,Evergreen Towers II,1343 N. Cleveland Ave.,773-904-0170,UP Holdings,1172779.714,1909442.309,41.90694652,-87.64074187,41,46,37,14926,309,41.90694651905692,-87.64074186564679,"{""address"": """", ""city"": """", ""state"": """", ""zip"": """"}"
60630,4,Portage Park,15,ARO,Jefferson Park Residences,4758 N. Laramie Ave.,773-736-1900,Mega Realty Inc.,1140755.027,1931358.401,41.96773575,-87.75784248,20,50,15,21869,260,41.9677357509555,-87.7578424774051,"{""address"": """", ""city"": """", ""state"": """", ""zip"": """"}"
60622,94,Near North Side,8,Multifamily,Parkside of Old Town IIB,459 W. Division St.,312=944-8500,Holsten Real Estate Dev. Corp.,1172865.271,1908241.237,41.90364882,-87.64046322,41,46,37,14926,148,41.9036488171287,-87.6404632192771,"{""address"": """", ""city"": """", ""state"": """", ""zip"": """"}"
60637,49,Washington Park,40,Artist/Family,KLEO Art Residences,5504 S. Michigan Ave.,773-268-4660,"Leasing and Management Co., Inc.",1178058.043,1868394.472,41.79418988,-87.62260056,53,4,7,22260,403,41.79418987604286,-87.62260056397874,"{""address"": """", ""city"": """", ""state"": """", ""zip"": """"}"
60640,13,Uptown,3,Multifamily,Sunnyside Kenmore Apts.,4130 N. Kenmore Ave.,773-769-3116,"Metroplex, Inc.",1168380.03,1927860.194,41.95758244,-87.65636944,37,39,31,21186,241,41.9575824412569,-87.6563694356509,"{""address"": """", ""city"": """", ""state"": """", ""zip"": """"}"
60642,1,West Town,24,ARO,713 Milwaukee,713 N. Milwaukee Ave.,312-235-6708,CA Urban Living,1169534.021,1904952.077,41.89469634,-87.65279542,41,46,25,22620,522,41.8946963389876,-87.652795420646,"{""address"": """", ""city"": """", ""state"": """", ""zip"": """"}"
60660,105,Edgewater,77,Multifamily,Bell Shore Apts.,1062 W. Bryn Mawr Ave.,773-334-5407,Holsten Management Corp.,1167941.813,1937401.257,41.9837729,-87.65770384,40,16,76,4451,144,41.9837729036918,-87.6577038394096,"{""address"": """", ""city"": """", ""state"": """", ""zip"": """"}"
60651,13,Humboldt Park,23,Disabled/Homeless,West Humboldt Place,3543 W. Chicago Ave.,773-826-1230,Childrens Place Association,1152439.724,1905064.22,41.89535898,-87.71557516,41,46,24,21572,584,41.8953589752887,-87.7155751575776,"{""address"": """", ""city"": """", ""state"": """", ""zip"": """"}"
60653,36,Douglas,35,Multifamily,508 S. Pershing at Oakwood Shores,508 E. Pershing Road,872-713-8100,The Community Builders,1180285.065,1879269.849,41.823982,-87.6141005,1,10,1,4301,561,41.82398200091408,-87.61410050373568,"{""address"": """", ""city"": """", ""state"": """", ""zip"": """"}"
60641,1,Avondale,21,ARO,The Avondale Residences II,4181 W. Belmont Ave.,773-328-8038,Daniel Management Group,1147642.668,1920900.727,41.93890932,-87.73278642,7,17,22,22618,464,41.938909316360906,-87.73278642492338,"{""address"": """", ""city"": """", ""state"": """", ""zip"": """"}"
60647,25,Humboldt Park,23,Supportive Housing,Pierce House,3533 W. North Ave.,773-276-4900,"La Casa Norte, Inc.",1152358.007,1910361.089,41.9098957,-87.71573523,10,49,24,22535,422,41.9098957006716,-87.7157352286005,"{""address"": """", ""city"": """", ""state"": """", ""zip"": """"}"
60622,59,West Town,24,Multifamily,La Estancia,2753 W. Division St.,773-227-6332,Bickerdike Redevelopment Corp.,1157605.979,1907820.481,41.90281875,-87.69652556,10,49,25,21560,543,41.9028187509983,-87.6965255553721,"{""address"": """", ""city"": """", ""state"": """", ""zip"": """"}"
60608,5,Lower West Side,31,Multifamily,Resurrection Homes,2124 W. 19th St.,312-666-1323,The Resurrection Project,1162389.313,1890761.089,41.85590751,-87.67943292,8,26,33,14920,4,41.8559075140985,-87.6794329233162,"{""address"": """", ""city"": """", ""state"": """", ""zip"": """"}"
60610,1,Near North Side,8,ARO,847 N. Larabee,847 N. Larabee St.,773-698-6648,Fulton Grace Realty,1172235.681,1906133.684,41.8978795,-87.64283814,41,46,37,14926,617,41.8978795039922,-87.6428381376954,"{""address"": """", ""city"": """", ""state"": """", ""zip"": """"}"
60624,66,East Garfield Park,27,Multifamily,Liberty Square Apts.,705-23 S. Independence Ave.,773-538-3800,Bonheur Realty Services Corp.,1151407.461,1896705.24,41.87244138,-87.71958599,36,14,28,21572,704,41.8724413775792,-87.7195859944955,"{""address"": """", ""city"": """", ""state"": """", ""zip"": """"}"
60607,52,Near West Side,28,ARO,The Duncan,1515 W. Monroe St.,872-259-7416,The FLATS,1166237.82,1899601.722,41.88008567,-87.66505442,48,23,29,14917,91,41.8800856665928,-87.6650544156673,"{""address"": """", ""city"": """", ""state"": """", ""zip"": """"}"
60612,84,Humboldt Park,23,Supportive Housing,Sanctuary Place,642 N. Kedzie Ave.,773-265-0983,Interfaith Housing Corp.,1154880.603,1904286.639,41.89317664,-87.70663122,41,46,24,21184,177,41.8931766424929,-87.7066312185286,"{""address"": """", ""city"": """", ""state"": """", ""zip"": """"}"
60622,3,West Town,24,ARO,1447 N. Washtenaw,1447 N. Washtenaw Ave.,847-757-7766,Scheck Investments LLC,1158185.871,1909709.708,41.90799111,-87.69434381,10,41,25,21560,288,41.907991114807,-87.6943438113739,"{""address"": """", ""city"": """", ""state"": """", ""zip"": """"}"
60609,80,Douglas,35,Multifamily,Pershing Court/Park Boulevard IA,3845 S. State St.,773-548-8792,"Urban Property Advisors, LLC",1176967.12,1879322.168,41.82420114,-87.62627123,12,9,1,14924,446,41.8242011420775,-87.6262712265229,"{""address"": """", ""city"": """", ""state"": """", ""zip"": """"}"
60615,7,Grand Boulevard,38,Multifamily,Cornerstone Apts.,633 E. 50th St.,312-577-5555,The Community Builders Inc.,1181425.624,1871964.801,41.8039101,-87.61014176,1,10,4,21192,165,41.8039101011155,-87.6101417642929,"{""address"": """", ""city"": """", ""state"": """", ""zip"": """"}"
60612,176,Near West Side,28,Multifamily,Westhaven Park Phase IIB,110 N. Wood St.,312-491-1114,Interstate Realty Management Co.,1164349.325,1900851.12,41.88355426,-87.67195337,41,46,29,21184,579,41.8835542602409,-87.6719533671956,"{""address"": """", ""city"": """", ""state"": """", ""zip"": """"}"
60612,5,Humboldt Park,23,Multifamily,Harold Washington Unity Coop,647-49 N. Troy St.,773-227-6332,Bickerdike Apts.,1155294.387,1904337.577,41.89330812,-87.70511017,41,46,24,21184,177,41.89330811630709,-87.70511016740511,"{""address"": """", ""city"": """", ""state"": """", ""zip"": """"}"
60608,10,North Lawndale,29,Multifamily,Park Douglas,1220 S. Talman Ave.,773-893-4800,Interstate Realty Management Co.,1158851.587,1894355.407,41.86584389,-87.69231965,11,23,30,14920,16,41.865843892007,-87.6923196474984,"{""address"": """", ""city"": """", ""state"": """", ""zip"": """"}"
60618,5,Avondale,21,ARO,2823 W. Belmont Ave.,2823 W. Belmont Ave.,773-772-8500,Wilmot Properties,1156887.962,1921101.738,41.93927815,-87.698802,2,20,22,21538,466,41.93927814818369,-87.69880199861194,"{""address"": """", ""city"": """", ""state"": """", ""zip"": """"}"
60623,32,North Lawndale,29,Multifamily,Fountain View Apts.,3718 W. Douglas Blvd.,773-762-3389,Lawndale Christian Residential Svcs.,1151511.158,1893415.133,41.86341092,-87.71929168,36,14,30,21569,33,41.8634109155574,-87.7192916813529,"{""address"": """", ""city"": """", ""state"": """", ""zip"": """"}"
60629,89,West Lawn,65,Seniors,Senior Suites of Midway Village,6800 S. Keating Ave.,888-339-2315,Senior Lifestyle Corp.,1145974.074,1859144.924,41.76947523,-87.74048606,23,15,63,4300,318,41.7694752347327,-87.7404860550053,"{""address"": """", ""city"": """", ""state"": """", ""zip"": """"}"
60614,1,Lincoln Park,7,ARO,Southport Lofts,2065 N. Southport Ave.,312-858-6212,RL Accelerated,1166685.433,1913998.316,41.91958133,-87.66299779,51,11,68,21190,210,41.9195813280804,-87.6629977907605,"{""address"": """", ""city"": """", ""state"": """", ""zip"": """"}"
60653,112,Oakland,36,Multifamily,Lake Park Crescent,1061 E. 41st Place,773-268-0200,Standard Communities,1184161.776,1877771.789,41.81978129,-87.59992527,1,10,2,4301,220,41.8197812877923,-87.5999252672656,"{""address"": """", ""city"": """", ""state"": """", ""zip"": """"}"
60644,60,Austin,25,Senior HUD 202,Enola A. Dew Senior Apts.,4623 W. Gladys Ave.,773-287-2972,"Prairie Management & Development, Inc.",1145481.111,1897910.062,41.87586178,-87.74131396,36,14,26,22216,69,41.8758617765259,-87.7413139551546,"{""address"": """", ""city"": """", ""state"": """", ""zip"": """"}"
60647,91,North Center,5,Multifamily,Lathrop Phase I,2000 W. Diversey Ave.,773-676-2222,Related Midwest,1162519.715,1918635.418,41.93239416,-87.67817303,24,40,46,21538,616,41.9323941640369,-87.6781730308775,"{""address"": """", ""city"": """", ""state"": """", ""zip"": """"}"
60629,59,Gage Park,63,Senior,Senior Suites of Gage Park,3244 W. 59th St.,773-434-4333,Senior Lifestyle Corp.,1155572.425,1865354.407,41.78632804,-87.70513618,49,6,61,21867,801,41.7863280449868,-87.7051361750491,"{""address"": """", ""city"": """", ""state"": """", ""zip"": """"}"
60647,12,Logan Square,22,ARO,L Logan,2201-31 N. Milwaukee Ave.,312-776-3242,Peak Properties,1158283.98,1914416.08,41.92090376,-87.6938545,24,41,23,22535,294,41.9209037607771,-87.6938544995202,"{""address"": """", ""city"": """", ""state"": """", ""zip"": """"}"
60625,6,Lincoln Square,4,ARO,Lawrence,2150 W. Lawrence Ave.,847-725-2218,Rent Great,1160933.556,1931890.653,41.96880038,-87.68363271,13,18,6,21849,54,41.9688003768019,-87.6836327092268,"{""address"": """", ""city"": """", ""state"": """", ""zip"": """"}"
60613,231,Uptown,3,Senior,Ruth Shriman House,4040 N. Sheridan Road,773-665-2210,Interfaith Housing Corp.,1168832.75,1927172.303,41.95568502,-87.65472513,37,39,31,21186,577,41.9556850172763,-87.6547251281064,"{""address"": """", ""city"": """", ""state"": """", ""zip"": """"}"
60624,26,North Lawndale,29,Multifamily,Keeler Roosevelt Apts.,4200-10 W. Roosevelt Road,773-522-9035,Safeway I.C. Management Inc.,1148552.235,1894414.418,41.86621064,-87.73012799,36,14,30,21572,98,41.86621063540905,-87.73012798528492,"{""address"": """", ""city"": """", ""state"": """", ""zip"": """"}"
60660,198,Edgewater,77,Senior,Pomeroy Apts.,5650 N. Kenmore Ave.,773-275-7820,Habitat Company,1168181.124,1937918.4,41.98518678,-87.65680868,40,16,76,4451,144,41.9851867755403,-87.656808676983,"{""address"": """", ""city"": """", ""state"": """", ""zip"": """"}"
60622,24,Near North Side,8,ARO,Xavier Chicago,625 W. Division St.,312-642-2279,Greystar,1171812.25,1908210.388,41.90358744,-87.64433208,41,46,37,14926,108,41.9035874397858,-87.6443320835899,"{""address"": """", ""city"": """", ""state"": """", ""zip"": """"}"
60660,16,Edgewater,77,ARO,Anderson Point,5700 N. Ashland Ave.,773-327-4975,33 Management LLC,1164592.267,1937879.014,41.98515573,-87.67000926,46,24,76,4451,538,41.9851557257468,-87.6700092589944,"{""address"": """", ""city"": """", ""state"": """", ""zip"": """"}"
60653,6,Oakland,36,Multifamily,Lakefront Phase II,1140 E. 42nd Pl,773-548-8795,"Urban Property Advisors, LLC",1184665.38,1877176.162,41.81813504,-87.59809656,1,10,2,4301,220,41.818135036696,-87.5980965590227,"{""address"": """", ""city"": """", ""state"": """", ""zip"": """"}"
60612,8,Near West Side,28,ARO,2329 W Monroe,2329 W. Monroe St.,773-831-4545,"City Experts, Inc.",1160797.436,1899442.076,41.87976209,-87.68503527,48,46,29,21184,766,41.87976209246967,-87.68503526602909,"{""address"": """", ""city"": """", ""state"": """", ""zip"": """"}"
60624,6,Humboldt Park,23,Multifamily,Nelson Mandela Apts.,3525 W. Ohio St.,773-227-6332,Bickerdike Apts.,1152627.179,1903731.702,41.89169871,-87.71492195,41,46,24,21572,584,41.8916987069965,-87.7149219479465,"{""address"": """", ""city"": """", ""state"": """", ""zip"": """"}"
60637,42,Woodlawn,42,Multifamily,65th Street Apts.,6600 S. Greenwood Ave.,773-684-2056,"Urban Property Advisors, LLC",1184316.038,1861429.077,41.77493196,-87.59987091,32,33,9,22260,27,41.7749319631987,-87.5998709116872,"{""address"": """", ""city"": """", ""state"": """", ""zip"": """"}"
60647,9,West Town,24,ARO,The Oasis of Bucktown,1700-14 N. Western Ave.,773-235-4559,The Oasis of Bucktown LLC,1160060.293,1911240.1,41.91215211,-87.68741582,24,41,25,22535,287,41.9121521055374,-87.6874158168675,"{""address"": """", ""city"": """", ""state"": """", ""zip"": """"}"
60628,40,Roseland,49,Supportive Housing,Holland Apartments,240 W. 107th Place,773-568-3031,Mercy Housing,1176448.512,1833690.986,41.69899564,-87.62954345,45,22,45,21861,524,41.6989956380033,-87.6295434504419,"{""address"": """", ""city"": """", ""state"": """", ""zip"": """"}"
60647,3,West Town,22,ARO,St. Paul Western Lofts,1741 N. Western Ave.,773-327-4975,33 Realty,1160128.527,1911668.447,41.91332611,-87.68715329,24,40,25,22535,298,41.9133261116844,-87.68715328833,"{""address"": """", ""city"": """", ""state"": """", ""zip"": """"}"
60653,3,Oakland,36,Multifamily,Lakefront Phase II,1110 E. Bowen Ave.,773-548-8795,"Urban Property Advisors, LLC",1184252.736,1877396.348,41.81874892,-87.59960335,1,10,2,4301,220,41.8187489217312,-87.5996033526626,"{""address"": """", ""city"": """", ""state"": """", ""zip"": """"}"
60647,3,Logan Square,22,Multifamily,Tierra Linda Apts.,1812 N. Drake Ave.,773-276-5338,LUCHA,1152491.947,1911884.938,41.91407463,-87.71520284,10,41,23,22535,351,41.9140746342917,-87.7152028390309,"{""address"": """", ""city"": """", ""state"": """", ""zip"": """"}"
60624,16,Humboldt Park,23,Multifamily,Rosa Parks Apts.,3341 W. Ohio St.,773-227-6332,Bickerdike Apts.,1153814.924,1903755.65,41.89174085,-87.71055924,41,46,24,21572,177,41.8917408492721,-87.7105592394886,"{""address"": """", ""city"": """", ""state"": """", ""zip"": """"}"
60622,2,West Town,24,ARO,945 Western,945 N. Western Ave.,773-278-8078,Wicker Park Apartments Inc.,1160270.739,1906410.572,41.89889515,-87.68677643,16,41,25,21560,541,41.8988951503,-87.6867764252445,"{""address"": """", ""city"": """", ""state"": """", ""zip"": """"}"
60624,6,Humboldt Park,23,Multifamily,Nelson Mandela Apts.,607 N. Sawyer Ave.,773-227-6332,Bickerdike Apts.,1154639.548,1903911.993,41.89215341,-87.70752657,41,46,24,21572,177,41.8921534052465,-87.7075265659001,"{""address"": """", ""city"": """", ""state"": """", ""zip"": """"}"
60657,1,Lake View,6,ARO,913 School Apts.,913 W. School St.,630.715.2285,Quad Realty Group,1169418.134,1922062.554,41.94165093,-87.65272231,38,25,57,4449,731,41.94165092770152,-87.65272230772611,"{""address"": """", ""city"": """", ""state"": """", ""zip"": """"}"
60624,15,Humboldt Park,23,Multifamily,Rosa Parks Apts.,532 N. Trumbull Ave.,773-227-6332,Bickerdike Apts.,1153240.184,1903567.266,41.89123533,-87.71267502,41,46,24,21572,584,41.8912353311207,-87.7126750162555,"{""address"": """", ""city"": """", ""state"": """", ""zip"": """"}"
60660,93,Edgewater,77,Senior,Hollywood House Apts.,5700 N. Sheridan Road,773-728-2600,Heartland Housing,1168565.916,1938087.01,41.9856411,-87.65538854,40,16,76,4451,14,41.9856410954285,-87.6553885441269,"{""address"": """", ""city"": """", ""state"": """", ""zip"": """"}"
60626,57,Rogers Park,1,Multifamily,The Concord at Sheridan,6438 N. Sheridan Road,773-856-0451,The Habitat Co.,1167067.259,1942855.196,41.99875752,-87.66076276,46,5,10,21853,48,41.99875752497431,-87.66076275537927,"{""address"": """", ""city"": """", ""state"": """", ""zip"": """"}"
60615,60,Grand Boulevard,38,Senior,Evans Langley,727 E. 50th Pl,312-368-8610,"Metroplex, Inc.",1182079.08,1871653.126,41.80303973,-87.60775489,1,10,4,21192,165,41.8030397258336,-87.6077548851795,"{""address"": """", ""city"": """", ""state"": """", ""zip"": """"}"
60653,60,Grand Boulevard,38,Multifamily,Bronzeville Family Apts.,400 E. 41st St.,773-924-2100,Peoples Co-Op Management Service,1179638.248,1877940.683,41.8203495,-87.61651411,12,9,4,4301,625,41.820349500309,-87.6165141094717,"{""address"": """", ""city"": """", ""state"": """", ""zip"": """"}"
60640,4,Uptown,3,ARO,4801 N. Ravenswood Ave.,4801 N. Ravenswood Ave.,773-929-7050,Hayes Properties Inc.,1163544.414,1931973.688,41.9689735,-87.67403032,13,18,31,22616,610,41.968973497819,-87.6740303235896,"{""address"": """", ""city"": """", ""state"": """", ""zip"": """"}"
60605,8,Near South Side,33,ARO,1400 S Wabash,1400 S. Wabash Ave.,312-739-3005,Greystar,1176949.91,1893820.089,41.86398489,-87.62589624,,,,,,,,
60621,57,Englewood,68,People with Disabilities,Victoria Jennings Residences,624 W. 61st St.,773-994-3690,"HSR Property Services, LLC",1173046.575,1864479.47,41.78355891,-87.6410929,53,2,66,21559,22,41.7835589091867,-87.6410928974706,"{""address"": """", ""city"": """", ""state"": """", ""zip"": """"}"
60640,8,Uptown,3,ARO,The Winnie,4740 N. Winthrop Ave.,872-204-1909,The FLATS,1167968.379,1931816.995,41.96844895,-87.6577681,37,39,31,22616,241,41.96844895460098,-87.65776810408943,"{""address"": """", ""city"": """", ""state"": """", ""zip"": """"}"
60661,61,Near West Side,28,Supportive,Lake Street Studios,727 W. Lake St.,312-274-8200,Interfaith Housing Corp.,1171177.974,1901637.395,41.8855647,-87.64685508,41,46,29,4452,784,41.8855647009563,-87.6468550832448,"{""address"": """", ""city"": """", ""state"": """", ""zip"": """"}"
60624,3,Humboldt Park,23,Multifamily,Nelson Mandela Apts.,528 N. Troy St.,773-227-6332,Bickerdike Apts.,1155237.316,1903580.685,41.89123228,-87.70534012,41,46,24,21184,177,41.891232279869,-87.7053401173226,"{""address"": """", ""city"": """", ""state"": """", ""zip"": """"}"
60622,3,West Town,24,Multifamily,Tierra Linda Apts.,1421 N. Artesian Ave.,773-276-5338,LUCHA,1159853.176,1909475.952,41.90731543,-87.68822545,24,41,25,21560,302,41.9073154253631,-87.6882254516982,"{""address"": """", ""city"": """", ""state"": """", ""zip"": """"}"
60631,1,Edison Park,9,ARO,Devon 7240 W,7240 W Devon Ave,312-806-0150,Eagle National Management,1126979.172373469,1942152.379,41.99759826,-87.80825276,34,29,77,22243,654,41.9975982587448,-87.8082527576838,"{""address"": """", ""city"": """", ""state"": """", ""zip"": """"}"
60640,98,Uptown,3,Senior,Kenmore Senior Housing,5040 N. Kenmore Ave.,773-769-3006,The Habitat Co.,1168292.832,1934023.29,41.97449607,-87.65651102,40,16,31,22616,634,41.9744960684983,-87.6565110221041,"{""address"": """", ""city"": """", ""state"": """", ""zip"": """"}"
60609,6,Douglas,35,Multifamily,Park Boulevard IIA,3612 S. State St.,773-548-8792,"Urban Property Advisors, LLC",1176848.892,1880973.883,41.82873626,-87.62665512,12,9,1,14924,353,41.8287362551999,-87.6266551179107,"{""address"": """", ""city"": """", ""state"": """", ""zip"": """"}"
60601,7,Loop,32,ARO,Millie on Michigan,300 N. Michigan Ave.,312-878-0300,Magellan Property Management,1177210.923,1902164.231,41.8868758,-87.62468519,22,36,38,14309,580,41.88687579539163,-87.62468518670747,"{""address"": """", ""city"": """", ""state"": """", ""zip"": """"}"
60629,60,Chicago Lawn,66,Senior,Churchview Manor Independent Living,2626 W. 63rd St.,773-925-0730,Greater Southwest Dev. Corp.,1159807.028,1862817.69,41.77928099,-87.68967949,44,2,64,21867,111,41.779280990198,-87.689679486435,"{""address"": """", ""city"": """", ""state"": """", ""zip"": """"}"
60637,34,Washington Park,40,Senior,St. Edmund's Tower Annex,6151 S. Michigan Ave.,773-493-2411,St. Edmund's Redevelopment Corp.,1178260.931,1864074.92,41.782332,-87.62198764,53,4,7,22260,404,41.7823319979281,-87.6219876398255,"{""address"": """", ""city"": """", ""state"": """", ""zip"": """"}"
60619,32,Greater Grand Crossing,69,Artist Housing,Dorchester Art + Housing Collaborative,1450 E. 70th St.,773-324-2270,Leasing & Management Co. Inc.,1187273.42,1858913.338,41.76795883,-87.58910953,32,33,39,22260,416,41.7679588344507,-87.5891095264366,"{""address"": """", ""city"": """", ""state"": """", ""zip"": """"}"
60624,6,Humboldt Park,23,Multifamily,Rosa Parks Apts.,3215 W. Huron St.,773-227-6332,Bickerdike Apts.,1154724.086,1904442.811,41.89360833,-87.70720187,41,46,24,21572,177,41.8936083276263,-87.707201866607,"{""address"": """", ""city"": """", ""state"": """", ""zip"": """"}"
60615,24,Grand Boulevard,38,Multifamily,Cornerstone Apts.,731 E. 50th Pl,312-577-5555,The Community Builders Inc.,1182124.435,1871654.416,41.80304222,-87.60758851,1,10,4,21192,165,41.803042215953,-87.6075885067614,"{""address"": """", ""city"": """", ""state"": """", ""zip"": """"}"
60622,17,West Town,22,People with Disabilities,Crystal Courts/Anixter Center,1122 N. California Ave.,773-489-2417,Anixter Center,1157480.326,1907439.713,41.90177645,-87.69699748,10,49,25,21560,301,41.90177644987999,-87.6969974803004,"{""address"": """", ""city"": """", ""state"": """", ""zip"": """"}"
60640,38,Uptown,3,Supportive Housing,Sarah's on Sheridan,1005 W. Leland Ave.,312-913-7400,Sarah's Circle,1168715.467,1931350.065,41.96715149,-87.65503471,37,39,31,22616,241,41.967151487077,-87.6550347050185,"{""address"": """", ""city"": """", ""state"": """", ""zip"": """"}"
60640,5,Uptown,3,ARO,The Ainslie,4914 N. Clark St.,312-600-4501,Honore Properties,1165171.809,1933139.263,41.97213736,-87.66801316,37,18,31,22616,610,41.9721373560187,-87.668013158017,"{""address"": """", ""city"": """", ""state"": """", ""zip"": """"}"
60637,6,Woodlawn,42,Multifamily,65th Street Apts.,848-58 E. 65th St.,773-684-2056,"Urban Property Advisors, LLC",1183196.24,1862140.115,41.77690925,-87.60395378,53,4,9,22260,347,41.7769092522879,-87.6039537769831,"{""address"": """", ""city"": """", ""state"": """", ""zip"": """"}"
60638,87,Garfield Ridge,56,Senior,Senior Suites of Garfield Ridge,5839 S. Harlem Ave.,773-229-1533,Senior Lifestyle Corp.,1129403.745,1864822.912,41.78535412,-87.801098,35,6,53,22268,589,41.7853541248735,-87.8010979955144,"{""address"": """", ""city"": """", ""state"": """", ""zip"": """"}"
60621,24,Greater Grand Crossing,69,Multifamily,Englewood Gardens,6956 S. Vincennes Ave.,773-994-4830,"East Lake Management Group, Inc.",1176891.268,1858664.434,41.76751603,-87.62717205,31,32,67,21559,513,41.7675160251626,-87.6271720534562,"{""address"": """", ""city"": """", ""state"": """", ""zip"": """"}"
60624,6,Humboldt Park,23,Multifamily,Nelson Mandela Apts.,3114 W. Franklin Blvd.,773-227-6332,Bickerdike Apts.,1155445.176,1903206.5,41.8902013,-87.70458681,41,46,24,21184,177,41.8902013034932,-87.7045868112095,"{""address"": """", ""city"": """", ""state"": """", ""zip"": """"}"
60640,96,Uptown,3,Supportive Housing,Major Jenkins Apts.,5012 N. Winthrop Ave.,773-506-3486,Mercy Housing,1167919.615,1933730.438,41.97370056,-87.65789194,40,16,31,22616,634,41.9737005572223,-87.6578919355485,"{""address"": """", ""city"": """", ""state"": """", ""zip"": """"}"
